id,name,shelf_life,available,last_available,serving_unit,serving_size,protein,carbs,fat,fiber,energy,iron_mg,magnesium_mg,calcium_mg,potassium_mg,sodium_mg,vitamin_c_mg,category
1,almonds,365,f,2025-07-07 12:44:02.098519,g,100,21.15,21.55,49.93,12.50,579.00,3.71,270.00,269.00,733.00,1.00,0.00,nuts_and_seeds
2,apple,14,t,2025-07-27 18:47:56.403926,nos,1.0,0.50,25.10,0.30,4.40,95.00,0.22,9.10,10.90,195.00,1.80,8.40,fruits
3,artichoke,7,f,2025-07-03 18:23:11.312069,g,100,3.27,10.51,0.15,5.40,47.00,1.28,60.00,44.00,370.00,94.00,11.70,vegetables
4,asafoetida,4,f,2025-07-07 12:44:02.098519,g,100,4.00,67.80,0.60,7.10,297.00,39.00,84.00,690.00,1040.00,20.00,0.00,spices_and_herbs
5,asparagus,30,f,2025-07-03 18:23:11.312069,g,100,2.20,3.90,0.10,2.10,20.00,2.10,14.00,24.00,202.00,2.00,5.60,vegetables
6,aubergine,5,f,2025-07-03 18:23:11.312069,g,100,0.98,5.88,0.18,3.00,25.00,0.23,14.00,9.00,229.00,2.00,2.20,vegetables
7,aval,5,f,2025-07-03 18:23:11.312069,g,100,7.50,80.00,1.00,1.50,370.00,2.50,35.00,10.00,150.00,5.00,0.00,grains_and_cereals
8,avocado,10,f,2025-07-07 12:44:02.098519,g,100,2.00,8.50,14.70,6.70,160.00,0.60,29.00,12.00,485.00,7.00,10.00,fruits
9,baby spinach,4,f,2025-07-07 12:44:02.098519,g,100,2.90,3.60,0.40,2.20,23.00,2.70,79.00,99.00,558.00,79.00,28.10,vegetables
10,baked beans,365,f,2025-07-27 18:48:35.082797,g,100,5.20,21.00,0.50,5.50,110.00,1.50,36.00,33.00,350.00,422.00,0.00,pulses_and_legumes
11,balsamic vinegar,5,f,2025-07-03 18:23:11.312069,g,100,0.50,17.00,0.00,0.00,88.00,0.70,12.00,27.00,112.00,23.00,0.00,condiments_and_sauces
12,banana,7,f,2025-07-07 12:44:02.098519,g,100,1.09,22.84,0.33,2.60,89.00,0.26,27.00,5.00,358.00,1.00,8.70,fruits
13,Bay leaves,5,f,2025-07-07 12:44:02.098519,nos,1.0,0.02,0.15,0.02,0.05,0.60,0.09,0.24,1.70,1.06,0.05,0.09,spices_and_herbs
14,beans,14,f,2025-07-03 18:23:11.312069,g,100,8.70,22.80,0.50,6.40,127.00,2.90,45.00,28.00,403.00,2.00,0.00,pulses_and_legumes
15,berries,4,f,2025-07-03 18:23:11.312069,g,100,1.00,10.90,0.40,4.10,46.00,0.50,15.00,19.00,136.00,1.00,28.90,fruits
16,besan flour,10,f,2025-07-03 18:23:11.312069,g,100,22.40,57.80,6.70,10.80,387.00,4.90,166.00,45.00,846.00,64.00,0.00,pulses_and_legumes
17,black beans,365,f,2025-07-07 12:44:02.098519,g,100,8.90,23.70,0.50,8.70,132.00,2.10,70.00,27.00,355.00,1.00,0.00,pulses_and_legumes
18,black pepper,7,f,2025-07-07 12:44:02.098519,g,100,10.40,64.80,3.30,25.30,251.00,9.70,171.00,443.00,1329.00,20.00,21.00,spices_and_herbs
19,black salt,5,f,2025-07-03 18:23:11.312069,g,100,0.00,0.00,0.00,0.00,0.00,0.00,0.00,0.00,0.00,38000.00,0.00,salt_and_minerals
20,blackberry,3,f,2025-07-07 12:44:02.098519,g,100,1.39,9.61,0.49,5.30,43.00,0.62,20.00,29.00,162.00,1.00,21.00,fruits
21,blueberries,14,f,2025-07-07 12:44:02.098519,g,100,0.74,14.50,0.33,2.40,57.00,0.28,6.00,6.00,77.00,1.00,9.70,fruits
22,bread,6,t,2025-07-27 18:48:25.44823,nos,1.0,2.60,14.00,1.00,0.80,77.00,0.90,7.00,38.00,37.00,137.00,0.00,grains_and_cereals
23,broccoli,365,f,2025-07-07 12:44:02.098519,g,100,2.82,6.64,0.37,2.60,34.00,0.73,21.00,47.00,316.00,33.00,89.20,vegetables
24,brown lentils,1095,f,2025-07-07 12:44:02.098519,g,100,9.02,20.13,0.38,7.90,116.00,3.33,36.00,19.00,369.00,2.00,1.50,pulses_and_legumes
25,brown rice,100,f,2025-07-03 18:23:11.312069,g,100,2.60,23.00,0.90,1.80,111.00,0.53,43.00,10.00,79.00,5.00,0.00,grains_and_cereals
26,Brussels sprouts,7,f,2025-07-07 12:44:02.098519,g,100,3.38,8.95,0.30,3.80,43.00,1.40,23.00,42.00,389.00,25.00,85.00,vegetables
27,butter,4,f,2025-07-07 12:44:02.098519,g,100,0.85,0.06,81.11,0.00,717.00,0.02,2.00,24.00,24.00,643.00,0.00,oils_and_fats
28,cabbage,91,f,2025-07-07 12:44:02.098519,g,100,1.28,5.80,0.10,2.50,25.00,0.47,12.00,40.00,170.00,18.00,36.60,vegetables
29,cannellini beans,10,f,2025-07-07 12:44:02.098519,g,100,9.70,25.10,0.40,6.40,139.00,3.70,50.00,90.00,561.00,2.00,0.00,pulses_and_legumes
30,capsicum,3,t,2025-07-27 18:49:19.736944,g,100,0.90,4.60,0.20,1.70,20.00,0.30,10.00,10.00,175.00,3.00,80.40,vegetables
31,cardamom,7,f,2025-07-07 12:44:02.098519,g,100,10.80,68.50,6.70,28.00,311.00,14.00,229.00,383.00,1119.00,18.00,21.00,spices_and_herbs
32,carrot,3,t,2025-08-02 18:49:46.993009,nos,1.0,0.60,6.00,0.10,1.70,25.00,0.20,7.00,20.00,195.00,42.00,3.60,vegetables
34,cauliflower,7,f,2025-07-07 12:44:02.098519,g,100,1.90,4.97,0.28,2.00,25.00,0.42,15.00,22.00,299.00,30.00,48.20,vegetables
35,celery,21,f,2025-07-07 12:44:02.098519,g,100,0.70,3.00,0.20,1.60,14.00,0.20,11.00,40.00,260.00,80.00,3.10,vegetables
36,chaat masala,1095,f,2025-07-07 12:44:02.098519,g,100,10.00,52.00,5.00,24.00,270.00,22.00,210.00,380.00,1600.00,18000.00,18.00,spices_and_herbs
37,chana masala,5,f,2025-08-02 19:20:42.40832,g,100,6.20,20.80,4.80,6.40,154.00,2.10,48.00,52.00,318.00,360.00,6.50,pulses_and_legumes
38,chapati flour,1095,f,2025-07-07 12:44:02.098519,g,100,13.20,72.00,2.50,10.70,340.00,3.60,138.00,34.00,405.00,2.00,0.00,grains_and_cereals
39,cheddar,21,f,2025-07-03 18:23:11.312069,nos,1.0,7.00,0.36,9.27,0.00,113.00,0.04,7.80,199.00,27.00,174.00,0.00,dairy_and_alternatives
40,cheddar cheese,3,f,2025-07-07 12:44:02.098519,g,100,24.90,1.30,33.10,0.00,403.00,0.20,28.00,711.00,98.00,621.00,0.00,dairy_and_alternatives
41,cherry tomatoes,10,t,2025-07-27 18:49:44.723396,g,100,0.90,3.90,0.20,1.20,18.00,0.27,11.00,10.00,237.00,5.00,14.00,vegetables
42,chia seeds,7,f,2025-08-02 19:21:02.612825,g,100,16.54,42.12,30.74,34.40,486.00,7.72,335.00,631.00,407.00,16.00,1.60,nuts_and_seeds
43,chicken,90,f,2025-07-07 12:44:02.098519,g,100,31.00,0.00,3.60,0.00,165.00,0.90,29.00,15.00,256.00,74.00,0.00,animal_products_meat_poultry_seafood
44,chicken breast,120,f,2025-07-03 18:23:11.312069,g,100,31.00,0.00,3.60,0.00,165.00,0.90,29.00,11.00,256.00,74.00,0.00,animal_products_meat_poultry_seafood
45,chickpeas,5,f,2025-07-07 12:44:02.098519,g,100,8.86,27.42,2.59,7.60,164.00,2.89,48.00,49.00,291.00,7.00,0.00,pulses_and_legumes
46,chilli flakes,7,f,2025-07-07 12:44:02.098519,g,100,12.00,56.60,17.30,27.20,318.00,31.30,152.00,148.00,2014.00,30.00,76.40,spices_and_herbs
47,chilli powder,10,f,2025-07-07 12:44:02.098519,tbsp,1,1.00,4.00,1.20,2.60,23.00,1.20,12.00,19.00,160.00,230.00,0.50,spices_and_herbs
48,cinnamon,14,f,2025-07-07 12:44:02.098519,g,100,3.99,80.59,1.24,53.10,247.00,8.32,60.00,1002.00,431.00,10.00,3.80,spices_and_herbs
49,cloves,7,f,2025-07-07 12:44:02.098519,g,100,5.97,65.53,13.00,33.90,274.00,11.83,259.00,632.00,1020.00,277.00,0.20,spices_and_herbs
50,coconut,7,f,2025-07-07 12:44:02.098519,g,100,3.33,15.23,33.49,9.00,354.00,2.43,32.00,14.00,356.00,20.00,3.30,fruits
51,coconut oil,3,f,2025-07-07 12:44:02.098519,g,100,0.00,0.00,100.00,0.00,892.00,0.00,0.00,1.00,0.00,0.00,0.00,oils_and_fats
52,corn,3,f,2025-07-07 12:44:02.098519,g,100,3.27,18.70,1.35,2.00,86.00,0.52,37.00,2.00,270.00,15.00,6.80,vegetables
53,coriander leaves,4,f,2025-07-07 12:44:02.098519,g,100,2.13,3.67,0.52,2.80,23.00,1.77,26.00,67.00,521.00,46.00,27.00,spices_and_herbs
54,coriander powder,5,f,2025-07-07 12:44:02.098519,tbsp,100,12.37,54.99,17.77,41.90,298.00,16.32,330.00,709.00,1267.00,35.00,21.00,spices_and_herbs
55,cottage cheese,5,f,2025-07-03 18:23:11.312069,g,100,11.10,3.40,4.30,0.00,98.00,0.20,8.00,83.00,104.00,364.00,0.00,dairy_and_alternatives
56,couscous,14,f,2025-07-07 12:44:02.098519,g,100,12.80,77.40,0.60,5.00,376.00,1.10,44.00,24.00,166.00,10.00,0.00,grains_and_cereals
57,cucumber,3,f,2025-07-07 12:44:02.098519,g,100,0.65,3.63,0.11,0.50,15.00,0.28,13.00,16.00,147.00,2.00,2.80,vegetables
58,cumin seeds,3,f,2025-07-07 12:44:02.098519,g,100,17.80,44.20,22.30,10.50,375.00,66.40,366.00,931.00,1788.00,168.00,7.70,spices_and_herbs
59,cumin whole jeera,7,f,2025-07-07 12:44:02.098519,g,100,17.80,44.20,22.30,10.50,375.00,66.40,366.00,931.00,1788.00,168.00,7.70,spices_and_herbs
60,curry leaves,3,f,2025-07-07 12:44:02.098519,g,100,6.10,18.70,1.00,6.40,108.00,0.93,0.00,830.00,0.00,0.00,4.00,spices_and_herbs
61,dried oregano,365,f,2025-07-07 12:44:02.098519,g,100,9.00,68.90,4.30,42.50,265.00,36.80,270.00,1597.00,1669.00,25.00,2.30,spices_and_herbs
62,dry methi leaves,2190,f,2025-07-07 12:44:02.098519,g,100,25.00,58.00,4.00,30.00,323.00,33.00,200.00,520.00,770.00,67.00,18.00,spices_and_herbs
63,egg noodles,21,f,2025-07-07 12:44:02.098519,g,100,4.50,25.20,1.90,1.20,138.00,1.50,18.00,15.00,38.00,5.00,0.00,grains_and_cereals
64,egg,14,t,2025-07-27 18:50:00.01024,nos,1.0,6.30,0.40,4.80,0.00,72.00,0.90,6.00,28.00,69.00,71.00,0.00,animal_products_meat_poultry_seafood
65,falafel,7,f,2025-07-07 12:44:02.098519,g,100,13.30,31.80,17.80,7.80,333.00,3.40,82.00,107.00,585.00,294.00,1.70,pulses_and_legumes
66,fennel seeds,4,f,2025-07-07 12:44:02.098519,g,100,15.80,52.30,14.90,39.80,345.00,18.50,385.00,1196.00,1694.00,88.00,21.00,spices_and_herbs
67,feta,60,f,2025-07-03 18:23:11.312069,g,100,14.20,3.90,21.30,0.00,265.00,0.70,19.00,493.00,62.00,917.00,0.00,dairy_and_alternatives
68,feta cheese,7,f,2025-07-07 12:44:02.098519,g,100,14.20,4.10,21.30,0.00,265.00,0.65,19.00,493.00,62.00,917.00,0.00,dairy_and_alternatives
69,fig,365,f,2025-07-07 12:44:02.098519,g,100,0.75,19.20,0.30,2.90,74.00,0.37,17.00,35.00,232.00,1.00,2.00,fruits
70,flax seed powder,42,f,2025-07-07 12:44:02.098519,tbsp,1,1.30,2.00,3.00,1.90,37.00,0.40,27.00,18.00,57.00,2.00,0.00,nuts_and_seeds
71,fresh coriander,10,f,2025-07-07 12:44:02.098519,g,100,2.13,3.67,0.52,2.80,23.00,1.77,26.00,67.00,521.00,46.00,27.00,spices_and_herbs
72,fried onions,4,f,2025-07-07 18:02:07.50056,g,100,6.00,50.00,40.00,5.00,560.00,1.50,35.00,60.00,300.00,600.00,3.00,vegetables
73,fruit,1095,f,2025-07-07 12:44:02.098519,g,100,0.50,13.00,0.20,1.60,50.00,0.30,11.00,16.00,185.00,1.00,16.00,fruits
74,garam masala,5,f,2025-07-07 12:44:02.098519,g,100,14.00,58.00,14.00,53.00,325.00,29.50,254.00,525.00,1170.00,52.00,0.00,spices_and_herbs
75,garlic,3,f,2025-07-07 12:44:02.098519,g,100,6.36,33.06,0.50,2.10,149.00,1.70,25.00,181.00,401.00,17.00,31.20,spices_and_herbs
76,garlic paste,5,f,2025-07-03 18:23:11.312069,g,100,6.36,33.06,0.50,2.10,149.00,1.70,25.00,181.00,401.00,17.00,31.20,condiments_and_sauces
77,ginger,20,f,2025-07-07 12:44:02.098519,nos,1.0,0.04,0.36,0.02,0.04,1.60,0.01,0.86,0.32,8.30,0.26,0.10,spices_and_herbs
78,ginger garlic paste,10,f,2025-07-07 12:44:02.098519,g,100,4.10,25.40,0.60,2.10,115.00,1.15,34.00,99.00,408.00,15.00,18.10,condiments_and_sauces
79,ginger paste,10,f,2025-07-07 18:03:23.002622,g,100,1.80,17.80,0.80,2.00,80.00,0.60,43.00,16.00,415.00,13.00,5.00,spices_and_herbs
80,gram masala,5,f,2025-07-03 18:23:11.312069,g,100,14.30,58.00,14.00,53.00,325.00,19.10,254.00,525.00,1170.00,52.00,0.70,spices_and_herbs
81,grapes,10,f,2025-07-07 12:44:02.098519,g,100,0.72,18.10,0.16,0.90,69.00,0.36,7.00,10.00,191.00,2.00,10.80,fruits
82,greek yogurt,2,t,2025-07-27 18:49:05.307702,g,100,10.30,3.60,0.40,0.00,59.00,0.10,11.00,110.00,141.00,36.00,0.00,dairy_and_alternatives
83,green beans,14,f,2025-07-03 18:23:11.312069,g,100,1.83,6.97,0.22,2.70,31.00,1.03,25.00,37.00,211.00,6.00,12.20,vegetables
84,green chillies,5,f,2025-07-07 12:44:02.098519,nos,1.0,0.10,0.48,0.01,0.08,2.00,0.05,1.20,0.70,17.00,0.40,12.00,spices_and_herbs
85,greens,3,f,2025-07-07 12:44:02.098519,g,100,2.00,3.60,0.30,2.20,20.00,1.20,35.00,50.00,350.00,60.00,15.00,vegetables
86,grilled chicken,1095,f,2025-07-07 12:44:02.098519,g,100,31.00,0.00,3.60,0.00,165.00,0.90,29.00,11.00,256.00,74.00,0.00,animal_products_meat_poultry_seafood
87,ground beef,7,f,2025-07-07 12:44:02.098519,g,100,17.20,0.00,20.00,0.00,254.00,1.60,16.00,18.00,274.00,72.00,0.00,animal_products_meat_poultry_seafood
88,guava,30,f,2025-07-03 18:23:11.312069,g,100,2.55,14.32,0.95,5.40,68.00,0.26,22.00,18.00,417.00,2.00,228.30,fruits
89,halloumi,14,f,2025-07-07 12:44:02.098519,ml,100,22.00,2.20,26.00,0.00,321.00,0.70,25.00,700.00,50.00,1600.00,0.00,dairy_and_alternatives
90,head romaine lettuce,10,f,2025-07-03 18:23:11.312069,g,100,1.23,3.29,0.30,2.10,17.00,0.97,14.00,33.00,247.00,8.00,4.00,vegetables
91,honey,4,f,2025-07-07 12:44:02.098519,ml,100,0.43,117.00,0.00,0.00,432.00,0.60,2.80,8.50,73.80,5.70,0.70,sweeteners
92,hummus,4,f,2025-07-07 12:44:02.098519,g,100,7.90,14.30,10.60,6.00,177.00,2.40,71.00,49.00,228.00,433.00,0.60,condiments_and_sauces
93,jeera powder,14,f,2025-07-07 12:44:02.098519,g,100,17.81,44.24,22.27,10.50,375.00,66.36,366.00,931.00,1788.00,168.00,7.70,spices_and_herbs
94,kale,3,f,2025-07-07 12:44:02.098519,g,100,4.28,8.75,0.93,3.60,49.00,1.47,47.00,150.00,491.00,38.00,120.00,vegetables
95,kalpasi,7,f,2025-07-07 12:44:02.098519,g,100,10.00,55.00,9.00,30.00,310.00,20.00,200.00,800.00,1200.00,50.00,0.00,spices_and_herbs
96,kebabs,365,f,2025-07-07 12:44:02.098519,g,100,20.00,2.00,16.00,0.00,240.00,2.60,22.00,18.00,300.00,520.00,0.00,animal_products_meat_poultry_seafood
97,kefir,14,f,2025-07-07 12:44:02.098519,ml,100,3.30,4.50,1.00,0.00,41.00,0.03,12.00,120.00,150.00,40.00,0.00,dairy_and_alternatives
98,kiwi,7,f,2025-07-03 18:23:11.312069,g,100,1.10,14.70,0.50,3.00,61.00,0.31,17.00,34.00,312.00,3.00,92.70,fruits
99,lamb,7,f,2025-07-07 12:44:02.098519,g,100,16.60,0.00,23.40,0.00,282.00,1.55,20.00,22.00,287.00,72.00,0.00,animal_products_meat_poultry_seafood
100,lemon,7,f,2025-07-07 12:44:02.09852,g,100,1.10,9.30,0.30,2.80,29.00,0.60,8.00,26.00,138.00,2.00,53.00,fruits
101,lemon juice,7,f,2025-07-07 12:44:02.098521,ml,100,0.35,6.90,0.24,0.30,22.00,0.08,6.00,6.00,103.00,1.00,38.70,beverages_and_infusions
102,lemon olive oil dressing,7,f,2025-07-07 12:44:02.098522,tbsp,1,0.00,0.30,9.00,0.00,80.00,0.02,1.00,2.00,8.00,10.00,2.30,condiments_and_sauces
103,lentils,7,f,2025-07-07 12:44:02.098523,g,100,9.02,20.13,0.38,7.90,116.00,3.33,36.00,19.00,369.00,2.00,1.50,pulses_and_legumes
104,lettuce,7,f,2025-07-07 12:44:02.098524,g,100,1.20,3.30,0.30,2.10,17.00,1.00,14.00,33.00,247.00,8.00,4.00,vegetables
105,lime,7,f,2025-07-07 12:44:02.098525,g,100,0.70,10.50,0.20,2.80,30.00,0.60,6.00,33.00,102.00,2.00,29.10,fruits
106,makana,7,f,2025-07-07 12:44:02.098526,g,100,9.70,76.90,0.10,7.60,347.00,1.40,94.00,60.00,500.00,1.00,0.00,nuts_and_seeds
107,mango,7,f,2025-07-07 12:44:02.098527,g,100,0.80,15.00,0.40,1.60,60.00,0.16,10.00,11.00,168.00,1.00,36.40,fruits
108,masoor dhal,7,f,2025-07-07 12:44:02.098528,g,100,24.60,63.40,1.10,10.70,353.00,7.50,47.00,35.00,955.00,6.00,0.00,pulses_and_legumes
109,melon,7,f,2025-07-07 12:44:02.098529,g,100,0.80,8.10,0.20,0.90,34.00,0.20,12.00,9.00,267.00,16.00,36.70,fruits
110,milk,7,f,2025-07-07 12:44:02.09853,ml,100,3.15,4.80,3.25,0.00,61.00,0.03,10.00,113.00,132.00,43.00,0.00,dairy_and_alternatives
111,mint leaves,7,t,2025-07-27 18:50:26.510582,g,100,3.75,14.89,0.94,8.00,70.00,5.08,80.00,243.00,569.00,31.00,31.80,spices_and_herbs
112,moong dal,7,f,2025-07-07 12:44:02.098532,g,100,23.86,62.62,1.15,16.30,347.00,6.74,189.00,132.00,1246.00,15.00,4.80,pulses_and_legumes
113,mushrooms,7,f,2025-07-07 12:44:02.098533,g,100,3.10,3.30,0.30,1.00,22.00,0.50,9.00,3.00,318.00,5.00,2.10,vegetables
114,mutton masala,7,f,2025-07-07 12:44:02.098534,g,100,12.00,58.00,12.00,28.00,360.00,19.00,200.00,350.00,1200.00,80.00,0.00,spices_and_herbs
115,naan,7,f,2025-07-07 12:44:02.098535,g,100,9.00,55.00,7.00,2.40,310.00,3.50,30.00,115.00,180.00,640.00,0.00,grains_and_cereals
116,noodles,7,f,2025-07-07 12:44:02.098536,g,100,4.54,25.16,2.10,1.20,138.00,1.26,16.00,15.00,24.00,5.00,0.00,grains_and_cereals
117,nuts,7,f,2025-07-07 12:44:02.098537,g,100,20.00,21.00,54.00,8.00,607.00,3.00,197.00,114.00,632.00,12.00,1.00,nuts_and_seeds
118,oats,7,f,2025-07-07 12:44:02.098538,g,100,13.15,67.70,6.52,10.10,379.00,4.25,270.00,52.00,429.00,2.00,0.00,grains_and_cereals
119,olive oil,7,f,2025-07-07 12:44:02.098539,tbsp,1,0.00,0.00,13.50,0.00,119.00,0.00,0.00,0.00,0.00,0.00,0.00,oils_and_fats
120,olives,7,t,2025-07-27 18:50:52.224307,g,100,1.03,3.84,15.32,3.30,145.00,0.49,11.00,52.00,42.00,1556.00,0.00,fruits
121,onion,7,f,2025-07-07 12:44:02.098541,g,100,1.10,9.34,0.10,1.70,40.00,0.21,10.00,23.00,146.00,4.00,7.40,vegetables
122,orange,7,f,2025-07-07 12:44:02.098542,g,100,0.94,11.75,0.12,2.40,47.00,0.10,10.00,40.00,181.00,0.00,53.20,fruits
123,paneer,7,t,2025-07-27 18:49:54.388525,g,100,18.30,3.40,22.50,0.00,296.00,0.70,23.00,480.00,138.00,22.00,0.00,dairy_and_alternatives
124,papaya,7,f,2025-07-07 12:44:02.098544,g,100,0.47,10.82,0.26,1.70,43.00,0.25,10.00,20.00,182.00,8.00,60.90,fruits
125,parsley,7,f,2025-07-07 12:44:02.098545,g,100,2.97,6.33,0.79,3.30,36.00,6.20,50.00,138.00,554.00,56.00,133.00,spices_and_herbs
126,pasta,7,f,2025-07-07 12:44:02.098546,g,100,5.80,30.90,0.90,1.80,158.00,0.90,18.00,7.00,44.00,1.00,0.00,grains_and_cereals
127,peanuts,7,f,2025-07-07 12:44:02.098547,g,100,25.80,16.10,49.20,8.50,567.00,4.60,168.00,92.00,705.00,18.00,0.00,nuts_and_seeds
128,peas,7,f,2025-07-07 12:44:02.098548,g,100,5.42,14.45,0.40,5.10,81.00,1.47,33.00,25.00,244.00,5.00,40.00,vegetables
129,pepper,7,f,2025-07-07 12:44:02.098549,g,100,10.39,63.95,3.26,25.30,251.00,9.71,171.00,443.00,1329.00,20.00,21.00,spices_and_herbs
130,pickle,7,f,2025-07-07 12:44:02.09855,g,100,0.50,2.30,0.20,1.00,12.00,0.30,12.00,20.00,117.00,790.00,3.40,condiments_and_sauces
131,pickled courgette,7,f,2025-07-07 12:44:02.098551,g,100,0.90,3.00,0.20,1.10,15.00,0.40,15.00,20.00,150.00,800.00,3.00,vegetables
132,pineapple,7,f,2025-07-07 12:44:02.098552,g,100,0.54,13.12,0.12,1.40,50.00,0.29,12.00,13.00,109.00,1.00,47.80,fruits
133,pineapple mix,7,f,2025-07-07 12:44:02.098553,g,100,0.50,13.10,0.10,1.40,50.00,0.30,12.00,13.00,109.00,1.00,47.80,fruits
134,pistachios,7,f,2025-07-07 12:44:02.098554,g,100,20.16,27.17,45.32,10.60,560.00,3.92,121.00,105.00,1025.00,1.00,5.60,nuts_and_seeds
135,plaintain,7,f,2025-07-07 12:44:02.098555,g,100,1.30,31.90,0.37,2.30,122.00,0.60,37.00,3.00,499.00,4.00,18.40,fruits
136,pomegranate,7,f,2025-07-07 12:44:02.098556,g,100,1.67,18.70,1.17,4.00,83.00,0.30,12.00,10.00,236.00,3.00,10.20,fruits
137,potatoes,7,t,2025-07-27 18:50:48.052519,g,100,2.02,17.58,0.09,2.20,77.00,0.81,23.00,12.00,425.00,6.00,19.70,vegetables
138,protein powder,7,f,2025-07-07 12:44:02.098558,cup,1,75.00,8.00,6.00,1.00,386.00,0.60,70.00,400.00,500.00,600.00,0.00,dairy_and_alternatives
139,pulses,7,f,2025-07-07 12:44:02.098559,g,100,8.80,20.00,0.60,7.50,120.00,2.80,40.00,30.00,360.00,5.00,1.50,pulses_and_legumes
140,quinoa,7,f,2025-07-07 12:44:02.09856,g,100,14.10,64.20,6.10,7.00,368.00,4.60,197.00,47.00,563.00,5.00,0.00,grains_and_cereals
141,radishes,7,f,2025-07-07 12:44:02.098561,g,100,0.68,3.40,0.10,1.60,16.00,0.34,10.00,25.00,233.00,39.00,14.80,vegetables
142,ragi flour,7,f,2025-07-07 12:44:02.098562,g,100,7.30,72.00,1.30,3.60,336.00,3.90,137.00,344.00,408.00,11.00,0.00,grains_and_cereals
143,raisins,7,f,2025-07-07 12:44:02.098563,g,100,3.10,79.20,0.50,3.70,299.00,1.90,32.00,50.00,749.00,11.00,2.30,fruits
144,raspberry,7,f,2025-07-07 12:44:02.098564,g,100,1.20,11.90,0.70,6.50,52.00,0.70,22.00,25.00,151.00,1.00,26.20,fruits
145,red capsicum,7,f,2025-07-07 12:44:02.098565,g,100,0.99,6.03,0.30,2.10,31.00,0.43,12.00,7.00,211.00,4.00,127.70,vegetables
146,red onion,7,f,2025-07-07 12:44:02.098566,g,100,1.10,9.34,0.10,1.70,40.00,0.21,10.00,23.00,146.00,4.00,7.40,vegetables
147,red-chilli sauce,7,f,2025-07-07 12:44:02.098567,g,100,1.50,22.00,0.80,1.50,100.00,1.00,15.00,20.00,200.00,2000.00,20.00,condiments_and_sauces
148,rice,7,f,2025-07-07 12:44:02.098568,g,100,2.70,28.20,0.30,0.40,130.00,1.20,12.00,10.00,35.00,1.00,0.00,grains_and_cereals
149,roasted gram,7,f,2025-07-07 12:44:02.098569,g,100,21.00,61.00,6.00,17.00,400.00,6.20,160.00,60.00,800.00,20.00,0.00,pulses_and_legumes
150,white pumpkin seeds,7,f,2025-07-07 12:44:02.09857,g,100,30.20,10.70,49.00,6.00,559.00,8.80,592.00,46.00,809.00,7.00,1.90,nuts_and_seeds
151,rosemary,7,f,2025-07-07 12:44:02.098571,g,100,3.31,20.70,5.86,14.10,131.00,6.65,91.00,317.00,668.00,26.00,21.80,spices_and_herbs
152,roti flour,7,f,2025-07-07 12:44:02.098572,g,100,13.20,72.00,2.50,10.70,340.00,3.60,138.00,34.00,405.00,5.00,0.00,grains_and_cereals
153,rye toast,7,f,2025-07-07 12:44:02.098573,g,100,8.50,48.30,3.30,5.80,259.00,2.80,71.00,24.00,166.00,660.00,0.00,grains_and_cereals
154,salad leaves,7,f,2025-07-07 12:44:02.098574,g,100,1.50,3.50,0.30,2.00,17.00,1.00,15.00,40.00,250.00,25.00,9.00,vegetables
155,salad tomatoes,7,f,2025-07-07 12:44:02.098575,nos,1,1.10,4.80,0.20,1.50,22.00,0.30,11.00,10.00,292.00,6.00,15.60,vegetables
156,salmon,7,f,2025-07-07 12:44:02.098576,g,100,20.40,0.00,13.40,0.00,208.00,0.34,27.00,9.00,363.00,59.00,0.00,animal_products_meat_poultry_seafood
157,salsa,7,f,2025-07-07 12:44:02.098577,g,100,1.40,6.00,0.20,1.50,30.00,0.80,13.00,33.00,270.00,670.00,9.00,condiments_and_sauces
158,salt,7,f,2025-07-07 12:44:02.098578,tsp,1,0.00,0.00,0.00,0.00,0.00,0.00,0.00,0.00,0.00,2300.00,0.00,salt_and_minerals
159,shallots,7,f,2025-07-07 12:44:02.098579,g,100,2.50,16.80,0.10,3.20,72.00,1.20,21.00,37.00,334.00,12.00,8.00,vegetables
160,shredded chicken,7,f,2025-07-07 12:44:02.09858,g,100,31.00,0.00,3.60,0.00,165.00,0.90,29.00,11.00,256.00,74.00,0.00,animal_products_meat_poultry_seafood
161,shrimp,7,f,2025-07-07 12:44:02.098581,g,100,24.00,0.20,0.30,0.00,99.00,0.50,33.00,70.00,259.00,111.00,0.00,animal_products_meat_poultry_seafood
162,smoked paprika,7,f,2025-07-07 12:44:02.098582,g,100,14.10,54.00,12.90,34.90,282.00,21.10,178.00,229.00,2280.00,68.00,0.90,spices_and_herbs
163,soy sauce,7,f,2025-07-07 12:44:02.098583,g,100,8.14,4.93,0.57,0.80,53.00,1.66,114.00,33.00,435.00,5493.00,0.00,condiments_and_sauces
164,spices,7,f,2025-07-07 12:44:02.098584,g,100,12.00,58.00,13.00,26.00,325.00,25.00,170.00,500.00,1500.00,300.00,0.00,spices_and_herbs
165,spinach,7,f,2025-07-07 12:44:02.098585,g,100,2.90,3.60,0.40,2.20,23.00,2.70,79.00,99.00,558.00,79.00,28.10,vegetables
166,split peas,7,f,2025-07-07 12:44:02.098586,g,100,24.60,60.70,1.20,25.50,341.00,4.40,115.00,56.00,981.00,28.00,1.70,pulses_and_legumes
167,spring onion,7,f,2025-07-07 12:44:02.098587,g,100,1.83,7.34,0.19,2.60,32.00,1.48,20.00,72.00,276.00,16.00,18.80,vegetables
168,star anise,7,f,2025-07-07 12:44:02.098588,g,100,17.60,50.00,15.90,14.60,337.00,36.96,170.00,646.00,1441.00,16.00,21.00,spices_and_herbs
169,strawberry,7,f,2025-07-07 12:44:02.098589,g,100,0.67,7.68,0.30,2.00,32.00,0.41,13.00,16.00,153.00,1.00,58.80,fruits
170,sunflower oil,7,f,2025-07-07 12:44:02.09859,g,100,0.00,0.00,100.00,0.00,884.00,0.00,0.00,0.00,0.00,0.00,0.00,oils_and_fats
171,sweet potatoes,7,f,2025-07-07 12:44:02.098591,g,100,1.60,20.10,0.10,3.00,86.00,0.61,25.00,30.00,337.00,55.00,2.40,vegetables
172,sweetcorn,7,f,2025-07-07 12:44:02.098592,g,100,3.30,19.00,1.40,2.70,86.00,0.50,37.00,2.00,270.00,15.00,6.80,vegetables
173,tabbouleh,7,f,2025-07-07 12:44:02.098593,g,100,2.50,15.00,5.50,4.00,125.00,1.60,35.00,60.00,200.00,180.00,18.00,other_miscellaneous
174,tamarind,7,f,2025-07-07 12:44:02.098594,g,100,2.80,62.50,0.60,5.10,239.00,2.80,92.00,74.00,628.00,28.00,3.50,fruits
175,thyme,7,f,2025-07-07 12:44:02.098595,g,100,5.56,24.45,1.68,14.00,101.00,17.45,160.00,405.00,609.00,9.00,160.10,spices_and_herbs
176,toast,7,f,2025-07-07 12:44:02.098596,g,100,10.30,58.00,4.00,3.40,313.00,4.30,27.00,210.00,158.00,601.00,0.00,grains_and_cereals
177,tofu,7,f,2025-07-07 12:44:02.098597,g,100,8.10,1.90,4.80,0.30,76.00,1.60,30.00,350.00,121.00,7.00,0.10,pulses_and_legumes
178,tomato,7,f,2025-07-07 12:44:02.098598,g,100,0.88,3.89,0.20,1.20,18.00,0.27,11.00,10.00,237.00,5.00,13.70,vegetables
179,tomato salsa,7,f,2025-07-07 12:44:02.098599,g,100,1.60,6.00,0.30,1.60,29.00,0.60,14.00,22.00,220.00,700.00,10.00,condiments_and_sauces
180,toor dhal,7,f,2025-07-07 12:44:02.098601,g,100,22.30,62.70,1.70,15.00,343.00,5.20,183.00,130.00,1392.00,17.00,0.00,pulses_and_legumes
182,turmeric,7,f,2025-07-07 12:44:02.098603,g,100,7.83,64.90,9.88,21.10,354.00,55.00,193.00,168.00,2525.00,38.00,0.70,spices_and_herbs
183,turmeric powder,7,f,2025-07-07 12:44:02.098604,tsp,100,7.80,64.90,9.90,21.00,354.00,41.40,193.00,168.00,2080.00,38.00,0.70,spices_and_herbs
185,urad dhal,7,f,2025-07-07 12:44:02.098606,g,100,25.20,59.60,1.60,18.30,341.00,7.60,267.00,138.00,983.00,38.00,0.00,pulses_and_legumes
186,vegetable stock,7,f,2025-07-07 12:44:02.098607,g,100,0.30,0.80,0.00,0.10,5.00,0.10,3.00,5.00,50.00,350.00,0.50,condiments_and_sauces
187,walnuts,7,f,2025-07-07 12:44:02.098608,g,100,15.23,13.71,65.21,6.70,654.00,2.91,158.00,98.00,441.00,2.00,1.30,nuts_and_seeds
188,water,7,f,2025-07-07 12:44:02.098609,cup,1,0.00,0.00,0.00,0.00,0.00,0.00,0.00,0.00,0.00,0.00,0.00,beverages_and_infusions
189,watermelon,7,f,2025-07-07 12:44:02.09861,g,100,0.61,7.55,0.15,0.40,30.00,0.24,10.00,7.00,112.00,1.00,8.10,fruits
191,yoghurt,7,t,2025-07-27 18:51:23.3736,g,100,3.47,4.66,3.25,0.00,61.00,0.05,11.00,121.00,155.00,36.00,0.50,dairy_and_alternatives
192,zucchini,7,f,2025-07-07 12:44:02.098614,g,100,1.21,3.11,0.32,1.00,17.00,0.37,18.00,16.00,261.00,8.00,17.90,vegetables
193,Green moong dhal,365,f,2025-07-27 16:17:52.666511,cup,100,1420.00,3870.00,80.00,1540.00,21200.00,280.00,9700.00,5400.00,53800.00,400.00,160.00,pulses_and_legumes
194,Bajra,365,f,2025-07-27 16:25:17.771053,g,100,11.60,72.90,4.20,8.50,378.00,8.00,137.00,38.00,195.00,5.00,0.00,grains_and_cereals
195,Kambhu,365,f,2025-07-27 16:25:28.363293,g,100,10.90,61.80,5.43,11.50,347.00,6.40,124.00,27.40,307.00,10.90,0.00,grains_and_cereals
196,Foxtail,365,f,2025-07-27 16:25:42.290918,g,100,11.20,63.20,3.30,6.70,351.00,2.80,114.00,31.00,250.00,5.00,0.00,grains_and_cereals
197,Apple cider vinegar,50,f,2025-07-27 18:47:49.197659,tbsp,100,0.00,13.95,0.00,0.00,315.00,3.00,75.00,105.00,1095.00,75.00,0.00,condiments_and_sauces
198,pearl millet,365,f,2025-07-30 19:45:15.404905,g,100,11.70,67.30,4.90,11.30,370.00,8.00,137.00,42.00,307.00,10.90,0.00,grains_and_cereals
199,finger millet,365,f,2025-07-30 19:47:26.693865,g,100,7.30,72.00,1.30,3.60,336.00,3.90,137.00,344.00,408.00,11.00,0.00,grains_and_cereals
200,barnyard millet,365,f,2025-07-30 19:48:32.127709,g,100,11.20,65.50,3.90,10.10,339.00,15.20,130.00,22.00,330.00,5.00,0.00,grains_and_cereals
201,little millet,365,f,2025-07-30 19:49:33.636161,g,100,7.70,67.00,4.70,7.60,341.00,9.30,114.00,17.00,230.00,5.00,0.00,grains_and_cereals
202,kodo millet,365,f,2025-07-30 19:50:35.055931,g,100,8.30,65.90,3.60,9.00,353.00,0.50,130.00,27.00,120.00,5.00,0.00,grains_and_cereals
203,rava,365,f,2025-07-30 19:56:33.648087,g,100,12.70,72.80,1.10,3.90,360.00,1.20,47.00,17.00,186.00,1.00,0.00,grains_and_cereals
204,soy milk (alpro),5,f,2025-07-30 20:06:20.456331,ml,100,3.30,2.70,1.90,0.60,42.00,0.00,0.00,120.00,0.00,40.00,0.00,dairy_and_alternatives
205,wheat flour,60,f,2025-07-30 20:10:15.213193,g,100,10.33,76.31,0.98,2.70,364.00,4.41,22.00,15.00,107.00,2.00,0.00,grains_and_cereals
206,bitter gourd,7,f,2025-08-03 11:41:37.54416,nos,1.0,1.00,3.70,0.20,2.80,17.00,0.43,17.00,19.00,296.00,5.00,84.00,vegetables
207,Noodles (Tesco Protein),5,f,2025-08-04 11:36:20.177696,g,100,8.20,9.50,4.20,1.00,111.00,0.00,0.00,0.00,0.00,228.00,0.00,grains_and_cereals
208,Ivy gourd (kovakkai),4,f,2025-08-10 14:25:37.907917,g,100,1.30,4.50,0.20,1.70,20.00,0.70,22.00,40.00,240.00,4.00,21.00,vegetables
209,ridge gourd (peerkangai),7,f,2025-08-10 14:32:49.398706,g,100,0.60,4.40,0.20,1.10,20.00,0.36,14.00,26.00,139.00,5.00,12.00,vegetables
210,Fenugreek seeds,365,f,2025-08-11 17:54:30.843244,tsp,1,0.85,2.16,0.24,0.91,12.00,1.24,7.07,6.51,28.50,2.48,0.11,spices_and_herbs
211,Flat beans,5,f,2025-08-11 17:57:40.633806,g,100,1.80,7.00,0.20,2.70,31.00,1.00,25.00,37.00,211.00,6.00,12.00,vegetables
212,green pumpkin seeds,365,f,2025-08-12 16:03:26.656628,g,100,30.23,10.71,49.05,6.00,559.00,8.82,592.00,46.00,809.00,7.00,1.90,nuts_and_seeds
213,pine nuts,365,f,2025-08-12 16:04:04.335192,g,100,13.69,13.08,68.37,3.70,673.00,5.53,251.00,16.00,597.00,2.00,0.80,nuts_and_seeds
214,cashew nuts,365,f,2025-08-12 16:04:43.359348,g,100,18.22,30.19,43.85,3.30,553.00,6.68,292.00,37.00,660.00,12.00,0.50,nuts_and_seeds
215,sesame seeds,365,f,2025-08-12 16:05:18.830585,g,100,17.73,23.45,49.67,11.80,573.00,14.55,351.00,975.00,468.00,11.00,0.00,nuts_and_seeds
216,brazil nuts,365,f,2025-08-12 16:06:02.162177,g,100,14.30,11.70,67.10,7.50,659.00,2.40,376.00,160.00,659.00,3.00,0.70,nuts_and_seeds
217,hazelnuts,365,f,2025-08-12 16:06:19.158756,g,100,15.03,16.70,60.75,9.70,628.00,4.70,163.00,114.00,680.00,0.00,6.30,nuts_and_seeds
218,dates,365,f,2025-08-12 16:06:46.742442,g,100,1.81,74.97,0.15,6.70,277.00,0.90,54.00,64.00,696.00,1.00,0.00,fruits
219,salad radish,7,t,2025-08-17 12:14:26.876144,g,100,0.70,3.40,0.10,1.60,16.00,0.30,10.00,25.00,233.00,39.00,14.80,vegetables
220,prawn,10,t,2025-08-17 12:15:17.71347,g,100,24.00,0.20,0.30,0.00,99.00,0.50,35.00,70.00,259.00,111.00,0.00,animal_products_meat_poultry_seafood
221,Dry green peas,365,f,2025-08-19 16:07:43.073088,g,100,23.80,60.70,1.20,24.60,352.00,4.90,115.00,55.00,986.00,28.00,1.70,pulses_and_legumes
223,cumin powder,365,f,2025-07-07 12:44:02.098519,tbsp,1,0.38,0.92,0.47,0.22,7.90,1.39,7.69,19.55,37.55,3.53,0.16,spices_and_herbs
224,Salt,365,f,2025-10-24 20:50:23.196171,g,100,0.00,0.00,0.00,0.00,0.00,0.00,0.00,1.00,1.00,0.00,0.00,salt_and_minerals
225,Cucumber,7,f,2025-10-24 20:50:47.282993,g,100,0.70,3.60,0.10,0.50,16.00,0.30,13.00,16.00,147.00,2.00,2.80,vegetables
226,sugar,24,f,2025-10-24 20:57:39.582317,g,100,0.00,100.00,0.00,0.00,387.00,0.00,0.00,1.00,0.00,0.00,0.00,sweeteners
227,Baking Powder,24,f,2025-11-07 08:27:18.72539,g,100,0.00,28.00,0.00,0.00,53.00,0.00,0.00,0.00,0.00,7700.00,0.00,other_miscellaneous
228,manoj,1,f,2025-10-24 21:12:33.624864,g,100,0.00,0.00,0.00,0.00,0.00,0.00,0.00,0.00,0.00,0.00,0.00,vegetables
229,ham,5,f,2025-10-24 21:16:05.738616,g,100,20.00,1.50,5.00,0.00,145.00,0.80,20.00,10.00,300.00,1200.00,0.00,animal_products_meat_poultry_seafood
230,tortilla wraps,180,f,2025-10-24 21:16:19.60268,g,100,7.00,50.00,7.00,2.00,300.00,1.50,30.00,100.00,250.00,600.00,0.00,grains_and_cereals
231,red chili powder,24,f,2025-10-24 21:55:32.028955,g,100,20.50,0.00,4.80,0.00,124.00,0.60,30.00,30.00,350.00,50.00,0.00,spices_and_herbs
232,vanjaram fish,7,f,2025-10-24 21:55:34.425113,g,100,19.50,0.00,11.60,0.00,184.00,0.50,30.00,12.00,380.00,50.00,0.00,animal_products_meat_poultry_seafood
233,rice flour,12,f,2025-10-24 21:56:24.462355,g,100,6.40,80.20,1.20,3.00,366.00,1.20,25.00,5.00,30.00,6.00,0.00,grains_and_cereals
234,king fish,3,f,2025-10-24 22:04:41.746182,g,100,20.00,0.00,5.00,0.00,134.00,0.60,30.00,12.00,325.00,55.00,0.00,animal_products_meat_poultry_seafood
235,Mixed Vegetables,7,f,2025-10-24 22:37:37.369056,g,100,1.50,5.00,0.20,2.50,25.00,0.50,20.00,30.00,300.00,10.00,10.00,vegetables
236,green onions,7,f,2025-10-24 22:40:53.186122,g,100,1.80,7.30,0.20,2.60,32.00,1.50,14.00,72.00,276.00,16.00,19.00,vegetables
237,vegetable oil,12,f,2025-10-24 22:41:10.395736,g,100,0.00,0.00,100.00,0.00,884.00,0.00,0.00,0.00,0.00,0.00,0.00,oils_and_fats
238,fried rice,5,f,2025-10-24 22:56:01.576014,g,100,3.00,31.00,3.70,1.50,168.00,0.60,12.00,10.00,150.00,300.00,0.00,grains_and_cereals
239,pastry,30,f,2025-10-24 23:01:24.731111,g,100,7.00,43.60,38.00,2.00,551.00,1.00,20.00,20.00,150.00,500.00,0.00,other_miscellaneous
240,eggs,21,f,2025-10-24 23:01:43.226239,g,100,12.60,0.70,9.90,0.00,143.00,1.20,10.00,50.00,126.00,140.00,0.00,animal_products_meat_poultry_seafood
241,double cream,30,f,2025-10-24 23:02:01.552966,ml,100,2.00,2.90,48.00,0.00,460.00,0.10,5.00,60.00,150.00,30.00,0.00,dairy_and_alternatives
242,beef stock,12,f,2025-10-24 23:06:40.159459,ml,100,0.50,0.30,0.10,0.00,3.00,0.10,2.00,5.00,50.00,350.00,0.00,condiments_and_sauces
243,maple syrup,12,f,2025-11-06 19:36:33.407132,g,100,0.00,67.00,0.00,0.00,260.00,0.05,20.00,70.00,200.00,1.00,0.00,sweeteners
244,American cheese,180,f,2025-11-06 19:50:23.411601,g,100,19.00,7.00,26.00,0.00,337.00,2.50,26.00,641.00,1671.00,1045.00,0.00,dairy_and_alternatives
245,blue cheese dressing,6,f,2025-11-06 19:51:52.019387,g,100,1.40,4.80,51.10,0.40,484.00,0.40,10.00,150.00,150.00,642.00,0.00,condiments_and_sauces
246,garlic powder,24,f,2025-11-06 19:52:04.0871,g,100,18.00,66.00,1.50,5.00,331.00,5.70,201.00,79.00,1193.00,12.00,3.10,spices_and_herbs
247,chicken wings,12,f,2025-11-06 19:52:43.783471,g,100,18.00,0.00,13.00,0.00,190.00,1.00,20.00,15.00,200.00,70.00,0.00,animal_products_meat_poultry_seafood
248,hot sauce,12,f,2025-11-06 19:52:58.726451,g,100,0.51,1.00,0.37,0.30,11.00,0.20,5.00,10.00,60.00,2643.00,0.30,condiments_and_sauces
249,celery sticks,7,f,2025-11-06 19:53:10.113491,g,100,0.30,4.00,0.10,0.60,15.00,0.20,11.00,24.00,104.00,105.00,4.00,vegetables
250,sour cream,14,f,2025-11-06 19:58:27.808549,g,100,2.10,3.00,20.00,0.00,210.00,0.10,10.00,100.00,100.00,70.00,0.00,dairy_and_alternatives
251,tortilla,180,f,2025-11-06 19:58:41.181061,g,100,5.20,44.00,2.00,4.00,218.00,1.60,30.00,33.00,250.00,15.00,0.00,grains_and_cereals
252,grape tomatoes,7,f,2025-11-06 20:07:03.942956,g,100,0.90,3.90,0.20,1.20,18.00,0.30,11.00,18.00,237.00,5.00,14.00,vegetables
253,bacon,12,f,2025-11-06 20:07:41.031649,g,100,7.10,1.80,10.60,0.00,141.00,0.40,20.00,10.00,400.00,1500.00,0.00,animal_products_meat_poultry_seafood
254,hard-boiled eggs,7,f,2025-11-06 20:07:56.475425,g,100,12.50,1.10,10.60,0.00,155.00,1.20,10.00,50.00,126.00,124.00,0.00,animal_products_meat_poultry_seafood
255,red wine vinegar,365,f,2025-11-06 20:08:13.006418,ml,100,0.00,1.00,0.00,0.00,3.00,1.10,10.00,10.00,90.00,19.00,1.00,condiments_and_sauces
256,brown sugar,24,f,2025-11-06 20:10:39.46481,g,100,0.00,97.00,0.00,0.00,377.00,0.10,2.00,83.00,2.00,1.00,0.00,sweeteners
257,chocolate chips,12,f,2025-11-06 20:11:23.175336,g,100,4.20,63.00,30.00,8.00,479.00,3.00,70.00,30.00,400.00,20.00,0.00,sweeteners
258,unsalted butter,180,f,2025-11-06 20:11:36.292043,g,100,0.85,0.06,81.10,0.00,717.00,0.02,2.00,24.00,24.00,11.00,0.00,oils_and_fats
259,baking soda,12,f,2025-11-06 20:11:47.982497,g,100,0.00,0.00,0.00,0.00,0.00,0.00,0.00,0.00,0.00,27360.00,0.00,other_miscellaneous
260,all-purpose flour,12,f,2025-11-06 20:12:01.352197,g,100,10.30,76.00,1.00,2.70,364.00,4.40,22.00,15.00,107.00,2.00,0.00,grains_and_cereals
261,elbow macaroni,24,f,2025-11-06 20:13:12.653148,g,100,5.80,31.00,0.80,1.80,158.00,1.30,18.00,7.00,140.00,0.00,0.00,grains_and_cereals
262,breadcrumbs,365,f,2025-11-06 20:13:32.010022,g,100,13.00,73.00,5.00,3.00,395.00,4.80,25.00,183.00,196.00,625.00,0.00,grains_and_cereals
263,puff pastry,12,f,2025-11-06 20:38:34.274987,g,100,7.00,45.00,38.00,2.50,555.00,6.00,20.00,30.00,150.00,500.00,0.00,other_miscellaneous
264,unsweetened cocoa powder,36,f,2025-11-06 20:43:53.652191,g,100,19.60,54.30,13.70,33.00,229.00,13.90,500.00,200.00,1500.00,21.00,0.00,other_miscellaneous
265,desiccated coconut,12,f,2025-11-06 20:44:38.506717,g,100,7.10,24.00,64.00,17.00,354.00,2.40,90.00,30.00,260.00,20.00,0.00,nuts_and_seeds
266,Barramundi,7,f,2025-11-06 20:46:28.790646,g,100,20.00,0.00,4.50,0.00,100.00,0.40,30.00,10.00,300.00,47.50,0.00,animal_products_meat_poultry_seafood
267,Vegemite,12,f,2025-11-06 20:46:51.588421,g,100,26.00,13.00,0.50,0.20,71.00,55.00,120.00,120.00,400.00,7500.00,0.00,condiments_and_sauces
268,plain flour,12,f,2025-11-06 20:48:49.980045,g,100,10.60,75.10,1.30,2.70,336.00,3.00,22.00,15.00,107.00,2.00,0.00,grains_and_cereals
269,rolled oats,12,f,2025-11-06 20:49:46.720389,g,100,13.00,55.70,9.00,11.00,380.00,4.30,177.00,54.00,300.00,2.00,0.00,grains_and_cereals
270,Kangaroo Steak,6,f,2025-11-06 20:50:04.181329,g,100,22.00,0.00,2.00,0.00,100.00,3.00,30.00,10.00,250.00,60.00,0.00,animal_products_meat_poultry_seafood
271,sausages,180,f,2025-11-06 20:50:23.945397,g,100,15.10,0.00,26.50,0.00,304.00,2.00,20.00,10.00,250.00,800.00,0.00,animal_products_meat_poultry_seafood
272,black pudding,7,f,2025-11-06 20:50:41.696024,g,100,11.00,2.00,20.00,0.50,280.00,7.00,12.00,7.00,43.00,400.00,0.00,animal_products_meat_poultry_seafood
273,Scones,7,f,2025-11-06 20:51:04.973691,g,100,5.00,40.00,15.00,2.00,350.00,1.00,20.00,80.00,150.00,350.00,0.00,grains_and_cereals
274,Clotted Cream,30,f,2025-11-06 20:51:18.764979,g,100,4.00,3.00,35.00,0.00,340.00,0.10,10.00,70.00,150.00,80.00,0.00,dairy_and_alternatives
275,Baking powder,12,f,2025-11-06 20:51:56.299335,g,100,10.30,76.30,1.00,2.70,364.00,3.60,22.00,15.00,107.00,2.00,0.00,other_miscellaneous
276,Potatoes,30,f,2025-11-06 20:52:44.392563,g,100,2.00,17.00,0.10,2.20,77.00,0.80,23.00,12.00,425.00,6.00,20.00,vegetables
277,Porridge,12,f,2025-11-06 20:53:25.263959,g,100,1.40,10.00,0.50,1.70,50.00,4.00,10.00,87.00,50.00,0.50,0.00,grains_and_cereals
278,fruit toppings,12,f,2025-11-06 20:53:45.08285,g,100,0.50,11.00,0.20,1.50,45.00,0.20,7.00,6.00,150.00,1.00,15.00,fruits
279,Carrots,30,f,2025-11-06 20:54:16.448347,g,100,0.90,9.60,0.24,2.80,41.00,0.30,12.00,33.00,320.00,69.00,5.90,vegetables
280,Onion,30,f,2025-11-06 20:54:24.861709,g,100,0.93,9.60,0.24,2.80,41.00,0.30,12.00,33.00,320.00,69.00,5.90,vegetables
281,Ground beef,365,f,2025-11-06 20:55:33.262571,g,100,26.00,0.00,20.00,0.00,254.00,2.60,20.00,10.00,300.00,70.00,0.00,animal_products_meat_poultry_seafood
282,Ground lamb,6,f,2025-11-06 20:56:15.761733,g,100,16.90,0.00,22.60,0.00,282.00,1.60,20.00,6.00,207.00,60.00,0.00,animal_products_meat_poultry_seafood
283,Mashed potatoes,7,f,2025-11-06 20:56:36.968222,g,100,2.00,13.00,5.00,2.00,102.00,0.80,23.00,12.00,300.00,298.00,5.00,vegetables
284,prosciutto,120,f,2025-11-06 20:58:27.261071,g,100,28.00,0.30,8.30,0.00,195.00,1.50,20.00,24.00,250.00,1500.00,0.00,animal_products_meat_poultry_seafood
285,Saltfish,24,f,2025-11-06 20:59:32.174091,g,100,24.00,0.50,0.50,0.00,99.00,0.50,30.00,20.00,300.00,1500.00,0.00,animal_products_meat_poultry_seafood
286,Ackee,7,f,2025-11-06 21:00:00.901763,g,100,3.00,1.00,15.00,2.00,150.00,1.10,32.50,40.00,195.00,125.00,4.00,vegetables
287,Bell Pepper,7,f,2025-11-06 21:00:23.510285,g,100,1.00,6.00,0.30,2.00,26.00,0.30,10.00,10.00,210.00,3.00,90.00,vegetables
288,Jerk Chicken,3,f,2025-11-06 21:00:57.627753,g,100,29.00,17.00,2.00,0.00,200.00,1.50,20.00,7.00,250.00,300.00,2.00,animal_products_meat_poultry_seafood
289,plantain,7,f,2025-11-06 21:01:22.129706,g,100,1.30,31.90,0.40,2.30,122.00,0.60,37.00,3.00,465.00,2.00,15.00,other_miscellaneous
290,cayenne pepper,24,f,2025-11-06 21:01:46.613994,g,100,12.00,56.00,17.00,34.00,318.00,8.00,70.00,100.00,2000.00,70.00,44.00,spices_and_herbs
291,Bell pepper,7,f,2025-11-06 21:02:16.05733,g,100,1.00,4.60,0.20,1.50,27.00,0.30,10.00,10.00,200.00,5.00,80.00,vegetables
292,Cooked oil,12,f,2025-11-06 21:02:36.105297,g,100,0.00,0.00,100.00,0.00,900.00,0.00,0.00,0.00,0.00,0.00,0.00,oils_and_fats
293,green onion,7,f,2025-11-06 21:03:09.298641,g,100,1.80,7.30,0.20,2.00,32.00,1.20,14.00,26.00,210.00,16.00,18.00,vegetables
294,cheese,365,f,2025-11-06 21:03:24.255538,g,100,23.00,3.00,33.00,0.00,404.00,0.50,20.00,710.00,100.00,650.00,0.00,dairy_and_alternatives
295,goat meat,7,f,2025-11-06 21:03:55.069083,g,100,27.00,0.00,3.00,0.00,143.00,3.50,25.00,10.00,300.00,50.00,0.00,animal_products_meat_poultry_seafood
296,curry powder,24,f,2025-11-06 21:04:26.855205,g,100,14.30,3.00,14.00,53.00,325.00,19.00,60.00,525.00,1400.00,30.00,0.00,spices_and_herbs
297,red wine,365,f,2025-11-06 21:05:15.189744,ml,100,0.10,2.60,0.00,0.00,85.00,0.50,10.00,8.00,126.00,0.00,0.00,beverages_and_infusions
298,tomato paste,12,f,2025-11-06 21:05:28.725369,g,100,4.30,18.90,0.50,3.00,82.00,1.00,27.00,33.00,1010.00,27.00,13.00,vegetables
299,Congee,7,f,2025-11-06 21:05:50.852944,g,100,0.70,7.00,0.10,0.20,34.00,0.10,5.00,3.00,30.00,5.00,0.00,other_miscellaneous
300,Century Egg,365,f,2025-11-06 21:06:07.887996,g,100,13.00,2.00,11.00,0.00,150.00,2.00,10.00,60.00,120.00,300.00,0.00,other_miscellaneous
301,Garlic,12,f,2025-11-06 21:06:28.399995,g,100,6.40,33.10,0.50,2.10,149.00,1.70,25.00,181.00,401.00,17.00,31.00,vegetables
302,Green Onion,14,f,2025-11-06 21:06:50.809467,g,100,6.40,33.10,0.50,2.10,149.00,1.70,25.00,181.00,401.00,17.00,31.00,vegetables
303,Ginger,12,f,2025-11-06 21:06:50.809096,g,100,6.40,33.10,0.50,2.10,149.00,1.70,25.00,181.00,401.00,17.00,31.00,spices_and_herbs
304,Dried Red Chilies,12,f,2025-11-06 21:06:50.810297,g,100,6.40,33.10,0.50,2.10,149.00,1.70,25.00,181.00,401.00,17.00,31.00,spices_and_herbs
305,Cornstarch,12,f,2025-11-06 21:06:50.810626,g,100,6.40,33.10,0.50,2.10,149.00,1.70,25.00,181.00,401.00,17.00,31.00,grains_and_cereals
306,Dried red chilies,24,f,2025-11-06 21:07:35.676231,g,100,12.00,55.00,13.00,35.00,282.00,5.60,97.00,112.00,2600.00,56.00,143.00,spices_and_herbs
308,pork,5,f,2025-11-06 21:08:28.737439,g,100,27.30,0.00,17.00,0.00,271.00,1.10,21.00,11.00,370.00,55.00,0.00,animal_products_meat_poultry_seafood
309,sweet and sour sauce,12,f,2025-11-06 21:08:42.342814,g,100,1.80,16.60,0.60,0.10,79.00,0.21,10.00,10.00,99.00,800.00,0.00,condiments_and_sauces
310,bell pepper,7,f,2025-11-06 21:08:52.69742,g,100,1.00,4.60,0.20,1.50,27.00,0.30,10.00,10.00,200.00,5.00,80.00,vegetables
311,scallions,7,f,2025-11-06 21:09:20.618455,g,100,1.80,7.30,0.20,2.60,32.00,1.50,14.00,72.00,276.00,16.00,18.00,vegetables
312,Mapo Tofu,7,f,2025-11-06 21:09:43.162209,g,100,7.80,7.00,9.10,1.40,133.00,2.00,30.00,150.00,200.00,317.00,5.00,other_miscellaneous
313,ground pork,6,f,2025-11-06 21:10:00.74769,g,100,17.00,0.00,20.00,0.00,250.00,1.00,20.00,14.00,300.00,55.00,0.00,animal_products_meat_poultry_seafood
314,Sichuan peppercorn,36,f,2025-11-06 21:10:18.424761,g,100,10.00,68.00,10.00,25.00,318.00,5.00,90.00,200.00,1000.00,30.00,10.00,spices_and_herbs
315,chili bean sauce,24,f,2025-11-06 21:10:32.721488,g,100,6.50,21.00,1.00,5.00,115.00,2.00,30.00,30.00,400.00,2000.00,5.00,condiments_and_sauces
316,glutinous rice flour,12,f,2025-11-06 21:10:58.182599,g,100,8.00,92.00,0.00,2.00,367.00,0.50,30.00,10.00,50.00,5.00,0.00,grains_and_cereals
319,Bell Peppers,7,f,2025-11-06 21:11:47.219076,g,100,6.40,33.10,0.50,2.10,149.00,1.70,25.00,181.00,401.00,17.00,31.00,vegetables
321,ground cardamom,24,f,2025-11-06 21:12:46.630106,g,100,12.00,75.00,1.70,3.00,362.00,1.20,22.00,22.00,150.00,2.00,0.00,spices_and_herbs
322,coconut milk,12,f,2025-11-06 21:13:43.04617,ml,100,2.30,5.50,24.00,2.20,230.00,0.30,16.00,16.00,250.00,15.00,0.00,dairy_and_alternatives
323,sukuma wiki,7,f,2025-11-06 21:14:11.328054,g,100,2.00,8.70,3.50,3.00,82.00,1.00,20.00,39.00,331.00,30.00,30.00,vegetables
324,potato,90,f,2025-11-06 21:14:33.610884,g,100,5.40,12.60,0.40,6.00,81.00,1.50,33.00,27.00,244.00,2.00,10.00,vegetables
325,cumin,24,f,2025-11-06 21:15:04.254196,g,100,17.80,44.20,22.30,11.00,375.00,66.00,366.00,931.00,1780.00,30.00,0.00,spices_and_herbs
326,berbere spice,12,f,2025-11-06 21:15:47.856103,g,100,0.00,33.00,0.00,20.00,333.00,5.00,30.00,200.00,1000.00,30.00,5.00,spices_and_herbs
327,Coconut Rice,12,f,2025-11-06 21:16:19.439607,g,100,6.70,28.60,6.50,0.80,378.00,0.50,20.00,20.00,150.00,83.40,0.00,grains_and_cereals
328,Coconut Milk,5,f,2025-11-06 21:16:33.163731,ml,100,2.30,5.50,24.00,2.20,230.00,0.30,16.00,16.00,250.00,15.00,0.00,beverages_and_infusions
329,Chapati Flour,6,f,2025-11-06 21:17:03.701679,g,100,12.00,71.00,2.00,9.00,330.00,3.50,100.00,64.00,350.00,12.00,0.00,grains_and_cereals
330,Vegetable Oil,12,f,2025-11-06 21:17:16.494127,nos,1,0.00,0.00,4.50,0.00,40.00,0.00,0.00,0.00,0.00,85.00,0.00,oils_and_fats
331,croissant,7,f,2025-11-06 21:17:39.959291,g,100,5.30,43.00,27.60,2.60,453.00,2.30,20.00,50.00,120.00,400.00,0.00,other_miscellaneous
332,Quiche Lorraine,7,f,2025-11-06 21:17:59.230129,g,100,15.80,11.80,30.80,1.30,386.00,1.70,20.00,100.00,250.00,1100.00,0.00,other_miscellaneous
333,pie crust,12,f,2025-11-06 21:18:19.844507,g,100,7.00,52.00,32.00,1.50,525.00,0.50,30.00,15.00,120.00,550.00,0.10,grains_and_cereals
334,vanilla extract,24,f,2025-11-06 21:18:59.065971,ml,100,0.00,12.50,0.00,0.00,286.00,0.10,12.00,9.60,149.00,9.00,0.00,sweeteners
335,Coq au Vin,7,f,2025-11-06 21:19:19.436874,g,100,26.70,5.00,19.00,3.20,142.00,2.00,45.00,80.00,410.00,1336.00,10.00,other_miscellaneous
336,regular onions,30,f,2025-11-06 21:19:58.220545,g,100,1.10,9.30,0.10,1.70,40.00,0.20,10.00,23.00,146.00,4.00,8.00,vegetables
337,Butter,12,f,2025-11-06 21:20:12.533672,g,100,0.90,0.10,81.00,0.00,717.00,0.00,0.00,24.00,24.00,6.00,0.00,oils_and_fats
338,Olive Oil,24,f,2025-11-06 21:20:41.748912,g,100,0.00,0.00,100.00,0.00,884.00,0.00,1.00,0.00,1.00,2.00,0.00,oils_and_fats
339,Fresh Herbs,30,f,2025-11-06 21:21:45.22625,g,100,3.00,5.00,0.80,3.00,25.00,4.00,40.00,180.00,650.00,30.00,45.00,vegetables
340,Eggplant,7,f,2025-11-06 21:21:57.428195,g,100,0.98,5.90,0.18,3.00,25.00,0.40,6.00,9.00,120.00,1.00,2.00,vegetables
341,Madeleines,7,f,2025-11-06 21:22:28.867702,g,100,7.10,46.00,25.00,1.00,440.00,0.60,12.00,30.00,150.00,150.00,0.00,other_miscellaneous
342,Boeuf Bourguignon,2,f,2025-11-06 21:22:56.125303,g,100,9.00,8.00,6.00,1.00,140.00,2.00,20.00,20.00,300.00,300.00,2.00,animal_products_meat_poultry_seafood
343,Souvlaki Wrap,7,f,2025-11-06 21:23:48.329591,g,100,12.00,20.00,8.00,2.00,220.00,1.00,15.00,30.00,200.00,400.00,2.00,other_miscellaneous
344,Dolmades,7,f,2025-11-06 21:24:16.352855,g,100,3.50,18.00,3.50,3.00,115.00,1.20,25.00,30.00,150.00,300.00,1.00,other_miscellaneous
345,grape leaves,12,f,2025-11-06 21:24:30.587851,g,100,5.60,17.30,2.10,3.50,93.00,3.40,34.00,363.00,670.00,42.00,35.00,vegetables
346,ground meat,365,f,2025-11-06 21:24:46.88636,g,100,20.00,0.00,30.00,0.00,330.00,2.50,20.00,10.00,300.00,70.00,0.00,animal_products_meat_poultry_seafood
347,eggplant,7,f,2025-11-06 21:25:33.778297,g,100,1.00,5.90,0.20,3.00,25.00,0.24,14.00,9.00,229.00,2.00,2.20,vegetables
348,tomato sauce,7,f,2025-11-06 21:25:53.202326,g,100,1.20,7.70,0.20,1.70,37.00,0.96,11.00,14.00,297.00,300.00,2.50,condiments_and_sauces
349,Tomatoes,7,f,2025-11-06 21:40:03.011063,g,100,0.90,3.90,0.20,1.20,18.00,0.30,11.00,18.00,237.00,5.00,13.70,vegetables
350,Basil,7,f,2025-11-06 21:40:03.01274,g,100,3.20,2.70,0.60,1.60,23.00,3.20,64.00,177.00,295.00,4.00,18.00,vegetables
351,Pecorino cheese,365,f,2025-11-06 21:40:33.506205,g,100,30.00,0.00,30.00,0.00,400.00,0.50,30.00,800.00,30.00,1800.00,0.00,dairy_and_alternatives
352,Parmesan cheese,365,f,2025-11-06 21:40:57.383441,g,100,38.00,3.00,27.00,0.00,415.00,0.50,44.00,1180.00,180.00,1800.00,0.00,dairy_and_alternatives
353,mozzarella cheese,10,f,2025-11-06 21:41:31.34807,g,100,22.00,2.00,17.00,0.00,280.00,0.20,20.00,730.00,180.00,600.00,0.00,dairy_and_alternatives
354,fresh basil,7,f,2025-11-06 21:41:47.87267,g,100,3.20,2.70,0.60,1.60,23.00,3.20,20.00,177.00,295.00,5.00,18.00,vegetables
355,Arancini,7,f,2025-11-06 21:42:16.108418,g,100,6.00,32.00,9.00,1.50,220.00,0.80,15.00,30.00,150.00,300.00,0.00,other_miscellaneous
356,Osso Buco,7,f,2025-11-06 21:42:38.886691,g,100,17.00,4.00,6.00,0.00,137.00,2.00,20.00,20.00,180.00,95.00,0.00,animal_products_meat_poultry_seafood
357,bay leaf,24,f,2025-11-06 21:43:01.205503,g,100,7.60,75.00,8.40,26.00,313.00,10.00,70.00,664.00,1190.00,0.00,0.00,spices_and_herbs
358,sesame oil,24,f,2025-11-06 21:43:43.639482,g,100,0.00,0.00,100.00,0.00,884.00,0.00,0.00,0.00,0.00,0.00,0.00,oils_and_fats
359,kimchi,12,f,2025-11-06 21:44:05.118452,g,100,1.10,2.40,0.50,2.00,15.00,0.50,13.00,30.00,150.00,600.00,15.00,condiments_and_sauces
360,gochujang,12,f,2025-11-06 21:44:28.26672,g,100,4.00,49.00,1.00,2.00,220.00,2.00,30.00,30.00,500.00,2000.00,10.00,condiments_and_sauces
361,Tteokbokki,30,f,2025-11-06 21:44:52.945374,g,100,2.30,26.70,1.70,1.50,126.00,0.50,15.00,20.00,150.00,300.00,0.00,other_miscellaneous
362,pork belly,7,f,2025-11-06 21:45:12.994702,g,100,9.30,0.00,53.00,0.00,518.00,0.70,20.00,11.00,240.00,44.00,0.30,animal_products_meat_poultry_seafood
363,Bulgogi,5,f,2025-11-06 21:45:56.850823,g,100,19.90,8.80,5.80,0.00,168.00,0.00,0.00,0.00,0.00,100.00,0.00,animal_products_meat_poultry_seafood
365,yeast,24,f,2025-11-06 21:46:24.682989,g,100,40.00,30.00,5.00,15.00,325.00,5.00,100.00,100.00,1000.00,50.00,0.00,other_miscellaneous
366,Fresh Mint,7,f,2025-11-06 21:47:09.044488,g,100,3.80,8.00,0.50,3.00,44.00,5.00,42.00,186.00,458.00,28.00,32.00,spices_and_herbs
367,zaatar,12,f,2025-11-06 21:47:59.392429,g,100,10.00,35.00,32.00,21.00,522.00,2.00,0.00,0.00,0.00,0.00,0.00,spices_and_herbs
368,Tahini,12,f,2025-11-06 21:49:48.508081,g,100,19.70,14.20,62.40,9.00,697.00,9.00,250.00,200.00,600.00,20.00,0.00,other_miscellaneous
369,pita bread,3,f,2025-11-06 21:50:30.818447,g,100,9.00,56.00,1.00,2.50,275.00,1.40,26.00,86.00,120.00,536.00,0.00,grains_and_cereals
370,Kibbeh,12,f,2025-11-06 21:50:51.120717,g,100,10.10,16.40,4.40,2.00,143.00,2.00,30.00,30.00,200.00,300.00,0.00,other_miscellaneous
371,Labneh,7,f,2025-11-06 21:51:08.705612,g,100,6.00,4.00,10.00,0.00,150.00,0.10,10.00,120.00,120.00,50.00,0.00,dairy_and_alternatives
372,Mujadara rice,12,f,2025-11-06 21:51:43.730213,g,100,8.00,23.00,4.50,4.00,163.00,2.00,30.00,30.00,300.00,125.00,0.00,grains_and_cereals
373,Mujadara green onion,7,f,2025-11-06 21:51:51.211518,g,100,1.80,7.30,0.20,2.00,32.00,1.20,14.00,26.00,210.00,16.00,18.00,vegetables
374,Mujadara black pepper,12,f,2025-11-06 21:52:06.33618,g,100,10.95,64.83,3.26,26.20,251.00,9.73,64.00,443.00,45.00,4.00,21.00,spices_and_herbs
375,Mujadara black salt,24,f,2025-11-06 21:52:27.257292,g,100,0.00,0.00,0.00,0.00,0.00,0.50,0.00,0.00,0.00,38000.00,0.00,salt_and_minerals
376,Mujadara vegetable oil,24,f,2025-11-06 21:52:36.108622,g,100,0.00,0.00,100.00,0.00,884.00,0.00,0.00,0.00,0.00,0.00,0.00,oils_and_fats
377,Mujadara fried onions,12,f,2025-11-06 21:53:04.876574,g,100,1.70,8.70,9.00,1.00,120.00,0.50,10.00,20.00,150.00,300.00,2.00,vegetables
378,oil,12,f,2025-11-06 21:53:23.462073,g,100,10.30,76.30,1.00,2.70,364.00,4.40,22.00,15.00,107.00,2.00,0.00,oils_and_fats
379,Stuffed Grape Leaves,12,f,2025-11-06 21:54:03.801111,g,100,3.00,30.00,2.00,11.00,164.00,2.50,30.00,170.00,300.00,30.00,10.00,vegetables
380,green salsa,12,f,2025-11-06 21:55:17.651448,g,100,2.10,3.70,0.50,2.80,23.00,1.80,13.00,65.00,521.00,46.00,27.00,condiments_and_sauces
381,cilantro,14,f,2025-11-06 21:55:51.647882,g,100,2.10,3.70,0.50,2.80,23.00,1.80,13.00,65.00,521.00,46.00,27.00,vegetables
382,Corn tortillas,180,f,2025-11-06 21:56:27.116603,g,100,4.30,42.50,3.20,4.00,215.00,1.50,30.00,20.00,250.00,10.00,0.00,grains_and_cereals
383,Pork shoulder,12,f,2025-11-06 21:56:50.569787,g,100,17.20,0.00,18.00,0.00,236.00,0.90,21.00,11.00,370.00,63.00,0.00,animal_products_meat_poultry_seafood
384,mayonnaise,12,f,2025-11-06 21:57:16.872055,g,100,1.00,0.00,75.00,0.00,680.00,0.00,0.00,0.00,0.00,0.00,0.00,condiments_and_sauces
385,cotija cheese,30,f,2025-11-06 21:57:37.354477,g,100,24.00,4.00,27.00,0.00,360.00,0.50,20.00,800.00,100.00,0.00,0.00,dairy_and_alternatives
386,Huevos Rancheros,7,f,2025-11-06 21:58:12.405499,g,100,6.90,8.50,6.50,1.50,119.00,1.17,20.00,46.00,238.00,350.00,2.00,other_miscellaneous
387,corn tortillas,30,f,2025-11-06 21:58:23.600982,g,100,4.30,42.50,3.20,4.00,215.00,1.50,30.00,20.00,250.00,10.00,0.00,grains_and_cereals
388,fresh cilantro,7,f,2025-11-06 21:58:38.486491,g,100,2.10,3.70,0.50,2.80,23.00,0.68,13.00,67.00,521.00,46.00,27.00,vegetables
389,Enchilada Sauce,12,f,2025-11-06 21:58:58.308007,g,100,6.40,33.00,0.50,2.10,149.00,1.70,25.00,181.00,401.00,17.00,31.00,condiments_and_sauces
390,Williams limes,14,f,2025-11-06 21:59:26.25578,g,100,0.80,11.00,0.10,3.00,30.00,0.20,10.00,30.00,102.00,1.00,29.00,fruits
391,Regular Tortilla Chips,6,f,2025-11-06 22:00:19.162093,g,100,7.10,68.00,21.00,5.00,472.00,2.50,30.00,20.00,300.00,410.00,0.00,other_miscellaneous
392,Pozole,5,f,2025-11-06 22:00:52.629514,g,100,7.00,10.00,3.00,2.00,100.00,0.50,0.00,0.00,0.00,0.00,0.00,other_miscellaneous
393,active dry yeast,24,f,2025-11-06 22:01:56.209802,g,100,38.00,41.00,1.00,1.00,295.00,5.00,100.00,0.00,1000.00,0.00,0.00,other_miscellaneous
394,semolina,12,f,2025-11-06 22:02:10.881509,g,100,12.70,73.00,1.10,3.90,360.00,3.00,70.00,20.00,250.00,5.00,0.00,grains_and_cereals
395,Harira Soup,7,f,2025-11-06 22:03:03.091314,g,100,2.50,11.00,1.30,0.00,70.00,0.00,0.00,0.00,0.00,0.00,0.00,other_miscellaneous
396,Prunes,12,f,2025-11-06 22:03:39.630455,g,100,2.20,63.90,0.40,7.00,240.00,0.90,41.00,43.00,732.00,2.00,0.60,fruits
397,Chicken broth,12,f,2025-11-06 22:03:59.409629,ml,100,1.50,1.00,0.50,0.00,15.00,0.10,5.00,10.00,250.00,900.00,0.00,beverages_and_infusions
398,vegetable broth,7,f,2025-11-06 22:04:34.748435,cup,1,1.00,2.00,0.00,0.00,12.00,0.20,10.00,10.00,300.00,800.00,0.00,beverages_and_infusions
400,phyllo pastry,12,f,2025-11-06 22:06:57.325128,g,100,7.10,52.60,6.00,0.40,299.00,0.70,15.00,20.00,40.00,250.00,0.00,grains_and_cereals
401,briouats,12,f,2025-11-06 22:07:10.838648,g,100,6.00,30.00,22.00,2.00,350.00,1.50,30.00,30.00,200.00,300.00,0.00,other_miscellaneous
402,Shakshouka,3,f,2025-11-06 22:08:24.914774,g,100,6.60,4.80,9.80,1.00,130.00,2.40,15.00,58.80,470.00,343.00,5.00,other_miscellaneous
403,fresh bell pepper,7,f,2025-11-06 22:09:25.349485,g,100,1.00,6.00,0.30,1.70,26.00,0.30,12.00,10.00,211.00,2.00,128.00,vegetables
404,Whole wheat flour,12,f,2025-11-06 22:10:05.625125,g,100,13.20,72.00,2.50,11.00,340.00,3.60,138.00,30.00,405.00,2.00,0.00,grains_and_cereals
405,Butter Chicken,1,f,2025-11-06 22:10:26.881172,g,100,9.00,5.00,12.00,1.00,165.00,1.00,15.00,20.00,200.00,300.00,0.50,animal_products_meat_poultry_seafood
406,green chili,1,f,2025-11-06 22:11:04.821338,g,100,0.90,5.20,0.20,2.00,27.00,0.50,13.00,10.00,250.00,6.00,40.00,vegetables
408,tomatoes,7,f,2025-11-06 22:12:18.488351,g,100,0.90,3.90,0.20,1.20,18.00,0.30,11.00,13.00,237.00,5.00,13.70,vegetables
409,lamb meat,5,f,2025-11-06 22:12:18.494338,g,100,25.00,0.00,21.00,0.00,294.00,1.60,20.00,15.00,250.00,72.00,0.00,animal_products_meat_poultry_seafood
410,chili,3,f,2025-11-06 22:12:18.4961,g,100,5.30,7.80,5.60,1.50,101.00,0.80,15.00,20.00,300.00,300.00,2.00,vegetables
411,yogurt,2,f,2025-11-06 22:12:18.495143,g,100,5.30,7.00,1.50,0.00,63.00,0.10,12.00,120.00,150.00,50.00,0.00,dairy_and_alternatives
412,poha,12,f,2025-11-06 22:12:46.486811,g,100,8.00,80.00,1.00,2.00,350.00,1.20,30.00,20.00,70.00,10.00,0.00,grains_and_cereals
413,green chilies,30,f,2025-11-06 22:13:00.796905,g,100,1.10,9.40,0.13,1.70,40.00,0.15,9.30,21.00,146.00,4.00,8.00,vegetables
414,Dried Curry Leaves,12,f,2025-11-06 22:15:28.805536,g,100,14.00,54.00,15.00,20.00,423.00,32.00,200.00,626.00,1500.00,10.00,0.00,spices_and_herbs
415,cooking oil,24,f,2025-11-06 22:15:43.362419,g,100,0.00,0.00,100.00,0.00,884.00,0.00,0.00,0.00,0.00,0.00,0.00,oils_and_fats
416,chopped onions,30,f,2025-11-06 22:17:04.15991,g,100,0.80,6.80,0.10,1.70,29.00,0.20,10.00,23.00,146.00,4.00,8.00,vegetables
417,chopped coriander leaves,12,f,2025-11-06 22:17:43.159486,g,100,2.10,3.70,0.50,2.80,23.00,0.50,13.00,67.00,295.00,46.00,27.00,vegetables
418,Chawal,12,f,2025-11-06 22:18:42.138006,g,100,2.70,28.00,0.30,0.40,130.00,0.20,12.00,10.00,26.00,1.00,0.00,grains_and_cereals
419,Green Chili,7,f,2025-11-06 22:19:26.126138,g,100,2.00,9.50,0.20,1.50,40.00,1.20,0.00,18.00,340.00,10.00,242.00,vegetables
420,gram flour,12,f,2025-11-06 22:19:57.17408,g,100,22.40,57.80,6.70,10.80,387.00,4.90,166.00,52.00,846.00,30.00,0.00,grains_and_cereals
421,black lentils,24,f,2025-11-06 22:20:25.975472,g,100,25.00,60.00,1.00,15.00,345.00,6.50,50.00,35.00,700.00,5.00,0.00,pulses_and_legumes
422,red kidney beans,24,f,2025-11-06 22:20:37.255807,g,100,8.70,22.80,0.50,6.40,127.00,6.70,138.00,45.00,1360.00,5.00,0.00,pulses_and_legumes
423,ghee,12,f,2025-11-06 22:21:00.798782,g,100,0.30,0.00,100.00,0.00,900.00,0.10,2.00,20.00,0.00,0.00,0.00,oils_and_fats
424,Samosa,30,f,2025-11-06 22:24:24.362187,g,100,5.20,33.20,17.40,2.00,308.00,1.50,20.00,30.00,250.00,300.00,2.00,other_miscellaneous
425,biryani spices,12,f,2025-11-06 22:24:55.910158,g,100,10.00,50.00,9.00,20.00,260.00,5.00,70.00,200.00,800.00,10370.00,0.00,spices_and_herbs
426,Anda Paratha,5,f,2025-11-06 22:25:10.761149,g,100,8.50,45.00,12.00,3.00,326.00,2.50,30.00,30.00,250.00,300.00,0.00,other_miscellaneous
427,whole wheat flour,12,f,2025-11-06 22:25:26.543732,g,100,13.70,72.60,1.90,12.20,339.00,3.90,138.00,34.00,405.00,5.00,0.00,grains_and_cereals
428,Nihari,7,f,2025-11-06 22:26:53.059211,g,100,8.00,4.00,10.00,0.50,140.00,0.00,0.00,0.00,0.00,0.00,0.00,other_miscellaneous
429,skewers,12,f,2025-11-06 22:27:18.637547,g,100,2.00,9.50,0.20,1.00,40.00,1.20,10.00,18.00,0.00,0.00,0.00,other_miscellaneous
430,minced meat,6,f,2025-11-06 22:28:26.614773,g,100,20.00,0.00,20.00,0.00,250.00,2.60,20.00,10.00,300.00,70.00,0.00,animal_products_meat_poultry_seafood
431,Haleem,7,f,2025-11-06 22:29:07.59506,g,100,9.80,15.20,6.90,2.00,157.00,2.00,30.00,30.00,300.00,300.00,0.00,other_miscellaneous
432,Syrniki,7,f,2025-11-06 22:29:36.935739,g,100,14.40,11.50,8.00,0.50,175.00,0.50,10.00,100.00,150.00,200.00,0.00,other_miscellaneous
433,beetroot,14,f,2025-11-06 22:30:09.551054,g,100,1.60,9.60,0.20,2.80,43.00,0.80,23.00,16.00,305.00,78.00,4.90,vegetables
434,Pirozhki,7,f,2025-11-06 22:30:54.250494,g,100,12.50,23.00,16.00,1.50,291.00,1.20,15.00,20.00,200.00,300.00,0.00,other_miscellaneous
435,dough,30,f,2025-11-06 22:31:08.00055,g,100,5.20,20.20,1.80,2.20,110.00,1.00,22.00,0.00,0.00,158.00,0.00,grains_and_cereals
436,filling,7,f,2025-11-06 22:31:21.99541,g,100,0.50,20.00,0.20,1.00,80.00,0.30,10.00,10.00,150.00,5.00,5.00,other_miscellaneous
437,mustard,12,f,2025-11-06 22:31:47.495165,g,100,4.40,5.00,3.30,3.30,66.00,0.60,10.00,66.00,322.00,1150.00,0.00,condiments_and_sauces
438,kasha,12,f,2025-11-06 22:32:11.252395,g,100,13.30,71.50,3.40,10.00,343.00,2.20,231.00,18.00,460.00,1.00,0.00,grains_and_cereals
439,flour,12,f,2025-11-06 22:33:05.586797,g,100,10.30,76.30,1.00,2.70,364.00,4.40,22.00,15.00,107.00,2.00,0.00,grains_and_cereals
440,Bunny Chow,0,f,2025-11-06 22:35:58.815395,g,100,0.00,0.00,0.00,0.00,0.00,0.00,0.00,0.00,0.00,0.00,0.00,other_miscellaneous
441,Curry,12,f,2025-11-06 22:36:10.95283,g,100,0.00,0.00,0.00,0.00,0.00,0.00,0.00,0.00,0.00,0.00,0.00,spices_and_herbs
442,toor dal,12,f,2025-11-06 22:41:53.999206,g,100,25.00,60.00,1.00,15.00,343.00,7.57,45.00,12.00,950.00,6.00,0.00,pulses_and_legumes
443,Chili flakes,12,f,2025-11-06 22:51:18.921124,g,100,0.00,0.00,0.00,0.00,0.00,0.00,0.00,0.00,0.00,0.00,0.00,spices_and_herbs
444,Kottu Roti,7,f,2025-11-06 22:51:24.282232,g,100,0.00,0.00,0.00,0.00,0.00,0.00,0.00,0.00,0.00,0.00,0.00,other_miscellaneous
445,All-Purpose Flour,12,f,2025-11-06 23:07:53.211497,g,100,10.33,76.31,1.00,2.70,364.00,0.65,22.00,15.00,107.00,2.00,0.00,grains_and_cereals
447,frying oil,12,f,2025-11-06 23:07:55.301519,g,100,0.00,0.00,100.00,0.00,884.00,0.00,0.00,0.00,0.00,0.00,0.00,oils_and_fats
448,Sugar,365,f,2025-11-06 23:09:54.218957,g,100,0.00,100.00,0.00,0.00,387.00,0.00,0.00,1.00,2.00,1.00,0.00,sweeteners
450,Sandwich Bread,7,f,2025-11-07 08:16:50.191338,g,100,14.00,57.00,0.00,2.50,270.00,3.00,20.00,120.00,115.00,490.00,0.00,grains_and_cereals
451,Chicken,0,f,2025-11-07 08:38:17.038925,g,100,31.00,0.00,3.60,0.00,165.00,0.90,27.00,13.00,256.00,74.00,0.00,animal_products_meat_poultry_seafood
452,Chicken Schnitzel,7,f,2025-11-07 08:39:11.078084,g,100,15.00,16.00,19.00,1.00,297.00,1.00,15.00,15.00,250.00,0.00,0.00,animal_products_meat_poultry_seafood
453,Tomato,7,f,2025-11-07 08:39:11.078958,g,100,0.90,3.90,0.20,1.20,18.00,0.30,11.00,18.00,237.00,5.00,13.50,vegetables
454,Lettuce,7,f,2025-11-07 08:39:11.080375,g,100,1.00,3.00,0.20,1.20,15.00,0.50,13.00,18.00,0.00,0.00,0.00,vegetables
455,Bread,7,f,2025-11-07 08:39:11.080107,g,100,0.00,0.00,0.00,0.00,0.00,0.00,0.00,0.00,0.00,0.00,0.00,grains_and_cereals
456,Mayonnaise,7,f,2025-11-07 08:39:11.081212,g,100,2.00,2.00,75.00,0.00,680.00,0.15,21.00,0.21,8.00,635.00,0.00,condiments_and_sauces
457,sausage,7,f,2025-11-07 08:39:41.833891,g,100,12.60,1.10,9.90,0.00,143.00,1.20,12.00,56.00,126.00,142.00,0.00,animal_products_meat_poultry_seafood
458,pickles,12,f,2025-11-07 08:50:10.718865,g,100,0.50,3.40,0.20,0.50,16.00,0.30,10.00,20.00,150.00,1200.00,2.00,other_miscellaneous
459,minced beef,7,f,2025-11-07 08:50:50.270377,g,100,17.00,0.00,20.00,0.00,250.00,2.60,20.00,10.00,270.00,75.00,0.00,animal_products_meat_poultry_seafood
460,carrots,7,f,2025-11-07 08:50:50.269704,g,100,0.90,9.60,0.20,3.60,41.00,0.40,12.00,33.00,322.00,69.00,7.00,vegetables
461,Worcestershire sauce,365,f,2025-11-07 08:51:36.796262,g,100,0.00,20.00,0.00,0.00,99.00,0.00,0.00,0.00,0.00,1300.00,0.00,condiments_and_sauces
462,sausage meat,7,f,2025-11-07 08:52:07.039292,g,100,12.00,2.50,28.00,0.00,320.00,2.00,20.00,15.00,300.00,800.00,0.00,animal_products_meat_poultry_seafood
463,egg yolk,21,f,2025-11-07 08:52:45.043001,g,100,15.86,3.59,26.54,0.00,322.00,2.70,5.00,129.00,109.00,48.00,0.00,dairy_and_alternatives
464,Scotch Bonnet Pepper,365,f,2025-11-07 08:53:40.174283,g,100,1.80,5.00,0.50,2.00,30.00,0.10,20.00,20.00,400.00,10.00,107.00,vegetables
465,beef broth,7,f,2025-11-07 08:54:07.852269,ml,100,1.00,0.50,0.50,0.00,15.00,0.20,5.00,5.00,150.00,300.00,0.00,other_miscellaneous
466,Kung Pao Chicken,7,f,2025-11-07 08:54:43.403267,g,100,9.80,6.80,6.80,1.50,129.00,0.00,0.00,0.00,0.00,0.00,0.00,animal_products_meat_poultry_seafood
467,rice vinegar,24,f,2025-11-07 08:55:04.168691,ml,100,0.00,5.00,0.00,0.00,20.00,0.10,1.00,5.00,10.00,300.00,0.00,condiments_and_sauces
468,Vinegar,24,f,2025-11-07 08:55:26.570382,ml,100,0.00,0.10,0.00,0.00,18.00,0.00,0.00,1.00,11.00,0.80,0.00,condiments_and_sauces
469,Oil,12,f,2025-11-07 08:56:34.293659,g,100,0.00,0.00,100.00,0.00,884.00,0.00,0.00,0.00,0.00,0.00,0.00,oils_and_fats
470,doubanjiang,365,f,2025-11-07 08:57:29.781394,g,100,12.00,19.00,7.00,0.00,200.00,0.00,0.00,0.00,0.00,8000.00,0.00,condiments_and_sauces
471,chow mein noodles,12,f,2025-11-07 08:58:51.299904,g,100,9.10,71.20,22.10,2.00,527.00,6.20,32.00,12.00,273.00,1.00,0.00,grains_and_cereals
472,nutmeg,24,f,2025-11-07 09:01:35.120748,g,100,5.80,49.00,36.00,20.80,525.00,12.70,202.00,632.00,1020.00,37.00,21.00,spices_and_herbs
473,crêpes,5,f,2025-11-07 09:01:58.697339,g,100,9.00,22.00,11.00,0.00,225.00,0.50,15.00,30.00,150.00,200.00,0.00,other_miscellaneous
474,bay leaves,365,f,2025-11-07 09:04:50.027901,g,100,0.00,0.00,0.00,0.00,0.00,0.00,0.00,0.00,0.00,38758.00,0.00,spices_and_herbs
475,herbs de Provence,24,f,2025-11-07 09:05:20.739739,g,100,8.00,62.00,8.00,39.00,277.00,5.00,30.00,200.00,400.00,20.00,5.00,spices_and_herbs
476,granulated sugar,365,f,2025-11-07 09:05:49.983556,g,100,0.00,100.00,0.00,0.00,387.00,0.00,0.00,0.00,0.00,0.00,0.00,sweeteners
477,lemon zest,12,f,2025-11-07 09:06:11.384294,g,100,0.30,13.00,0.30,2.80,45.00,0.50,8.00,133.00,138.00,2.00,0.00,spices_and_herbs
478,tzatziki sauce,30,f,2025-11-07 09:07:12.262919,g,100,1.60,1.80,5.30,0.00,107.00,0.20,10.00,100.00,150.00,120.00,1.20,condiments_and_sauces
479,mixed herbs,24,f,2025-11-07 09:07:54.969219,g,100,9.00,50.00,6.00,40.00,260.00,30.00,70.00,250.00,1500.00,30.00,10.00,spices_and_herbs
480,Moussaka,7,f,2025-11-07 09:08:25.499409,g,100,5.50,8.00,13.00,2.00,150.00,1.20,30.00,150.00,300.00,300.00,2.00,other_miscellaneous
481,Spanakopita,7,f,2025-11-07 09:09:33.783347,g,100,17.50,29.50,24.00,2.30,406.00,1.50,30.00,300.00,340.00,400.00,5.00,other_miscellaneous
482,phyllo dough,12,f,2025-11-07 09:10:00.553274,g,100,7.10,52.60,6.00,1.90,299.00,3.20,20.00,11.00,74.00,483.00,0.00,grains_and_cereals
483,Loukoumades,7,f,2025-11-07 09:10:36.200852,g,100,5.00,45.80,22.70,0.00,421.00,0.00,0.00,0.00,0.00,0.00,0.00,other_miscellaneous
484,Grilled Octopus,5,f,2025-11-07 09:11:04.120396,g,100,15.00,2.00,1.00,0.00,100.00,2.00,45.00,35.00,250.00,250.00,0.00,animal_products_meat_poultry_seafood
485,Cornetti,30,f,2025-11-07 09:11:36.344793,g,100,8.00,50.00,12.00,5.00,290.00,0.50,0.00,0.00,0.00,180.00,0.00,grains_and_cereals
486,Kimchi Stew (Kimchi Jjigae),7,f,2025-11-07 09:13:15.388268,g,100,2.00,10.00,1.80,0.00,62.00,0.00,0.00,0.00,0.00,0.00,0.00,other_miscellaneous
487,red pepper flakes,24,f,2025-11-07 09:13:37.940257,g,100,12.00,55.00,14.00,27.00,300.00,5.00,70.00,200.00,2500.00,70.00,1.00,spices_and_herbs
488,chopped nuts,12,f,2025-11-07 09:14:29.635523,g,100,20.00,20.00,53.00,8.00,607.00,2.50,250.00,70.00,700.00,5.00,0.00,nuts_and_seeds
489,Chilaquiles,5,f,2025-11-07 09:19:42.045714,g,100,5.00,20.00,9.00,2.00,200.00,1.00,20.00,30.00,200.00,300.00,5.00,other_miscellaneous
490,Cheese,180,f,2025-11-07 09:20:12.092477,g,100,22.90,2.50,33.00,0.00,404.00,0.70,20.00,720.00,100.00,620.00,0.00,dairy_and_alternatives
491,Carne Asada,7,f,2025-11-07 09:20:56.214964,g,100,21.00,0.35,3.50,0.00,190.00,2.50,20.00,230.00,300.00,65.00,0.00,animal_products_meat_poultry_seafood
492,jalapeño,7,f,2025-11-07 09:21:45.565952,g,100,1.00,6.00,0.40,1.50,29.00,0.70,23.00,18.00,323.00,6.00,119.00,vegetables
494,saffron,365,f,2025-11-07 09:23:39.87913,g,100,11.40,65.40,5.90,3.90,310.00,11.00,0.00,0.00,1724.00,0.00,0.00,spices_and_herbs
495,preserved lemons,365,f,2025-11-07 09:23:39.881566,g,100,1.00,3.20,0.30,4.70,29.00,0.10,8.00,26.00,138.00,1064.00,0.00,other_miscellaneous
496,Saffron,1,f,2025-11-07 09:24:06.952691,g,100,11.40,65.40,5.90,0.00,310.00,0.00,0.00,0.00,0.00,0.00,0.00,spices_and_herbs
497,Preserved Lemons,18,f,2025-11-07 09:24:06.952257,g,100,1.00,3.20,0.30,4.70,29.00,0.50,10.00,30.00,0.00,6.00,0.00,other_miscellaneous
498,Turmeric,24,f,2025-11-07 09:25:35.429987,g,100,7.83,65.00,9.88,21.00,350.00,5.25,193.00,168.00,1724.00,38.00,0.00,spices_and_herbs
499,cornmeal,12,f,2025-11-07 09:26:34.852685,g,100,8.80,78.00,3.80,8.00,380.00,5.80,70.00,361.00,290.00,5.00,0.00,grains_and_cereals
500,fresh vegetables,7,f,2025-11-07 09:27:47.910826,g,100,2.00,7.00,0.30,2.50,35.00,0.50,20.00,30.00,250.00,20.00,20.00,vegetables
501,butter chicken spices,12,f,2025-11-07 09:28:51.905984,g,100,10.00,50.00,10.00,20.00,300.00,15.00,150.00,200.00,1500.00,2000.00,0.00,spices_and_herbs
502,extra cream,6,f,2025-11-07 09:29:06.066177,ml,100,2.00,2.90,36.00,0.00,340.00,0.10,10.00,70.00,150.00,35.00,0.00,dairy_and_alternatives
503,Rice flakes,12,f,2025-11-07 09:29:48.838244,g,100,6.70,68.00,1.30,0.50,360.00,0.20,0.00,0.00,0.00,0.00,0.00,grains_and_cereals
504,Mustard seeds,24,f,2025-11-07 09:30:44.390337,g,100,26.00,28.00,36.00,12.00,508.00,10.00,417.00,0.00,0.00,0.00,0.00,spices_and_herbs
505,Rajma,24,f,2025-11-07 09:31:15.761117,g,100,8.70,22.80,0.50,6.40,127.00,7.00,45.00,35.00,400.00,1.00,0.00,pulses_and_legumes
506,hing,12,f,2025-11-07 09:31:53.136853,g,100,0.00,80.00,0.00,0.50,400.00,5.00,30.00,200.00,1000.00,30.00,0.00,spices_and_herbs
507,Cumin,24,f,2025-11-07 09:32:24.839077,g,100,12.40,54.90,17.80,41.00,298.00,16.00,330.00,709.00,1510.00,35.00,27.00,spices_and_herbs
508,Black lentils (Urad dal),24,f,2025-11-07 09:33:34.635056,g,100,25.00,59.00,1.50,18.00,340.00,7.60,0.00,154.00,980.00,40.00,0.00,pulses_and_legumes
509,Kidney beans (Rajma),12,f,2025-11-07 09:33:47.702501,g,100,23.60,60.00,0.80,24.90,333.00,2.90,45.00,28.00,1406.00,24.00,0.00,pulses_and_legumes
510,Cream,30,f,2025-11-07 09:34:15.253717,g,100,2.20,3.30,30.00,0.00,292.00,0.10,5.00,70.00,200.00,35.00,0.00,dairy_and_alternatives
511,Green chili,24,f,2025-11-07 09:35:07.218904,g,100,2.00,9.50,0.20,2.00,40.00,1.20,10.00,18.00,0.00,0.00,0.00,vegetables
512,baking powder,24,f,2025-11-07 09:36:04.799896,g,100,0.90,26.00,0.10,1.00,53.00,0.00,0.00,5876.00,0.00,10600.00,0.00,other_miscellaneous
513,basmati rice,12,f,2025-11-07 09:37:58.236103,g,100,2.40,28.00,0.20,0.40,130.00,0.20,12.00,10.00,35.00,1.00,0.00,grains_and_cereals
514,onions,30,f,2025-11-07 09:38:30.592198,g,100,0.90,3.90,0.20,1.20,18.00,0.30,11.00,10.00,237.00,5.00,13.70,vegetables
515,Seekh Kebabs,7,f,2025-11-07 09:41:21.526875,g,100,17.00,5.00,13.00,1.00,220.00,2.00,15.00,20.00,250.00,300.00,0.00,animal_products_meat_poultry_seafood
516,beef,7,f,2025-11-07 09:42:01.396195,g,100,26.00,0.00,15.00,0.00,250.00,2.60,20.00,10.00,300.00,55.00,0.00,animal_products_meat_poultry_seafood
517,hareem spices,12,f,2025-11-07 09:42:01.396529,g,100,10.00,46.00,2.00,13.00,350.00,10.00,70.00,150.00,800.00,30.00,0.00,spices_and_herbs
518,wheat,12,f,2025-11-07 09:42:01.3989,g,100,15.00,68.00,1.90,12.00,330.00,3.50,130.00,35.00,360.00,2.00,0.00,grains_and_cereals
519,Mushrooms,14,f,2025-11-07 09:43:04.852628,g,100,0.00,0.00,0.00,0.00,0.00,0.00,0.00,0.00,0.00,0.00,0.00,vegetables
520,Sour Cream,21,f,2025-11-07 09:43:04.853368,g,100,3.00,3.00,22.00,0.00,214.00,0.10,13.00,83.00,115.00,44.00,0.00,dairy_and_alternatives
521,Beef,7,f,2025-11-07 09:43:04.85287,g,100,26.00,0.00,15.00,0.00,250.00,2.60,20.00,10.00,300.00,55.00,0.00,animal_products_meat_poultry_seafood
522,Egg Noodles,90,f,2025-11-07 09:43:04.85311,g,100,0.00,0.00,0.00,0.00,0.00,0.00,0.00,0.00,0.00,0.00,0.00,grains_and_cereals
523,Blini,5,f,2025-11-07 09:43:35.127585,g,100,6.30,29.00,8.80,1.00,225.00,2.50,15.00,30.00,150.00,300.00,0.00,grains_and_cereals
524,Pelmeni,365,f,2025-11-07 09:43:58.130443,g,100,11.90,29.00,11.80,2.00,275.00,1.20,20.00,30.00,250.00,500.00,0.00,other_miscellaneous
525,dumpling dough,6,f,2025-11-07 09:44:09.624022,g,100,8.00,24.00,6.00,4.00,128.00,4.00,20.00,20.00,141.00,450.00,0.00,grains_and_cereals
526,Mealie Pap,12,f,2025-11-07 09:44:32.974119,g,100,1.50,15.00,0.20,1.50,70.00,0.50,30.00,5.00,150.00,5.00,0.00,grains_and_cereals
527,Marinade for Braai (BBQ),12,f,2025-11-07 09:46:22.662597,g,100,0.00,86.70,0.70,0.00,353.00,0.00,0.00,0.00,0.00,0.00,0.00,condiments_and_sauces
528,Tomato Sauce,12,f,2025-11-07 09:46:52.620493,g,100,1.40,8.70,0.20,2.00,42.00,0.50,10.00,20.00,413.00,551.00,10.00,condiments_and_sauces
529,Beef Steak,7,f,2025-11-07 09:47:24.975293,g,100,26.00,0.00,15.00,0.00,250.00,2.60,20.00,15.00,330.00,55.00,0.00,animal_products_meat_poultry_seafood
530,apricots,12,f,2025-11-07 09:51:25.571075,g,100,1.40,11.10,0.40,2.00,48.00,0.20,20.00,3.00,260.00,1.00,10.00,fruits
531,anise seed,24,f,2025-11-07 09:52:19.190359,g,100,17.00,48.00,35.00,14.00,337.00,14.00,210.00,1010.00,1440.00,15.00,0.00,spices_and_herbs
532,Cape Malay Curry,12,f,2025-11-07 09:52:40.864648,g,100,1.00,9.00,2.60,1.00,65.00,0.50,15.00,20.00,200.00,300.00,2.00,other_miscellaneous
533,Dosa,7,f,2025-11-07 09:53:31.691469,g,100,8.00,35.00,6.00,1.50,210.00,1.90,30.00,17.00,150.00,200.00,1.30,grains_and_cereals
534,urad dal,12,f,2025-11-07 09:55:17.089983,g,100,25.00,59.00,1.60,18.00,340.00,7.00,140.00,138.00,1240.00,30.00,0.00,pulses_and_legumes
535,Chicken Chettinad,5,f,2025-11-07 09:56:07.008083,g,100,25.80,1.10,6.40,0.50,172.00,1.20,20.00,15.00,0.00,0.00,0.00,animal_products_meat_poultry_seafood
536,Raw Banana,7,f,2025-11-07 09:56:32.927865,g,100,1.10,22.80,0.33,2.60,89.00,0.26,27.00,5.00,358.00,1.00,8.70,fruits
537,bean,12,f,2025-11-07 09:58:52.272411,g,100,8.70,22.80,0.50,6.40,127.00,2.10,0.00,0.00,0.00,0.00,0.00,vegetables
538,Rice Flour,12,f,2025-11-07 09:59:36.1022,cup,1,9.40,126.60,2.20,2.50,578.00,0.60,30.00,15.00,115.00,5.00,0.00,grains_and_cereals
539,bread crumbs,12,f,2025-11-07 10:00:35.449971,g,100,14.00,67.00,5.50,5.00,395.00,0.00,0.00,0.00,0.00,680.00,0.00,grains_and_cereals
540,Dhal,12,f,2025-11-07 10:00:59.547776,g,100,9.00,22.00,1.50,2.00,140.00,4.50,25.00,130.00,115.00,160.00,9.00,pulses_and_legumes
541,Dhal seasoning,24,f,2025-11-07 10:01:25.041316,g,100,5.30,13.40,3.20,2.00,101.00,2.00,30.00,30.00,300.00,10.00,0.00,spices_and_herbs
542,Curry seasoning,24,f,2025-11-07 10:02:13.522195,g,100,14.00,56.00,14.00,53.00,325.00,19.00,70.00,525.00,1170.00,0.00,0.00,spices_and_herbs
543,Dhal herbs,12,f,2025-11-07 10:02:34.163231,g,100,6.00,15.00,3.00,5.00,115.00,0.00,0.00,0.00,0.00,0.00,0.00,spices_and_herbs
544,Dhal flavoring,12,f,2025-11-07 10:02:49.265217,g,100,3.00,12.00,2.00,2.00,80.00,1.50,30.00,20.00,200.00,300.00,2.00,spices_and_herbs
545,pancake flour,12,f,2025-11-07 10:03:08.942536,g,100,5.20,38.00,2.50,1.00,190.00,2.00,30.00,220.00,250.00,600.00,0.20,grains_and_cereals
546,fish sauce,24,f,2025-11-07 10:04:11.455199,ml,100,13.00,7.00,0.00,0.00,68.00,0.00,0.00,0.00,0.00,14000.00,0.00,condiments_and_sauces
547,spring onions,7,f,2025-11-07 10:04:35.385304,g,100,1.80,7.30,0.20,2.60,32.00,1.50,14.00,72.00,276.00,16.00,8.20,vegetables
548,white pepper,0,f,2025-11-07 10:04:56.019259,g,100,10.40,69.00,2.10,26.20,296.00,5.50,71.00,110.00,1250.00,5.00,0.00,spices_and_herbs
549,rice noodles,12,f,2025-11-07 10:05:39.207052,g,100,2.00,24.00,0.30,0.50,108.00,0.00,0.00,0.00,0.00,0.00,0.00,grains_and_cereals
550,bean sprouts,7,f,2025-11-07 10:05:39.207302,g,100,3.02,7.34,0.20,1.20,32.00,0.37,24.00,18.00,436.00,6.00,13.20,vegetables
551,Sticky Rice,12,f,2025-11-07 10:07:11.317619,g,100,2.00,21.00,0.50,1.00,97.00,0.10,12.00,0.00,116.00,1.00,0.00,grains_and_cereals
552,Massaman Curry,12,f,2025-11-07 10:07:33.917044,g,100,4.00,12.00,9.00,2.00,150.00,0.60,20.00,30.00,200.00,300.00,2.00,other_miscellaneous
553,Massaman curry paste,12,f,2025-11-07 10:08:03.496798,g,100,6.00,30.00,10.00,5.00,250.00,2.00,30.00,35.00,500.00,1800.00,5.00,condiments_and_sauces
554,Non Bread,5,f,2025-11-07 10:08:34.986678,g,100,8.00,50.00,8.00,3.00,300.00,2.00,30.00,100.00,200.00,500.00,0.00,grains_and_cereals
555,Plov,5,f,2025-11-07 10:09:02.76961,g,100,4.00,18.00,4.80,1.00,140.00,1.00,15.00,10.00,150.00,200.00,0.00,grains_and_cereals
556,caraway seeds,24,f,2025-11-07 10:09:32.564004,g,100,18.00,49.00,14.90,38.00,333.00,20.80,358.00,1043.00,1474.00,38.00,0.00,spices_and_herbs
557,Milk,7,f,2025-11-07 10:10:03.353918,ml,100,3.20,4.80,3.30,0.00,61.00,0.03,10.00,120.00,150.00,45.00,0.00,dairy_and_alternatives
558,Water,0,f,2025-11-07 10:10:19.212334,ml,100,0.00,0.00,0.00,0.00,0.00,0.00,0.00,0.00,0.00,0.00,0.00,beverages_and_infusions
559,Semolina,12,f,2025-11-07 10:11:05.762511,g,100,13.00,78.00,3.00,4.00,360.00,3.00,70.00,30.00,150.00,5.00,0.00,grains_and_cereals
560,Manti Dumplings,10,f,2025-11-07 10:12:33.950418,g,100,8.00,64.00,3.00,6.00,350.00,3.60,0.00,52.00,0.00,1.90,0.00,other_miscellaneous
561,black-eyed peas,24,f,2025-11-07 10:13:01.333819,g,100,7.90,21.00,0.50,6.50,116.00,2.20,48.00,27.00,332.00,2.00,0.50,pulses_and_legumes
562,ground pepper,12,f,2025-11-07 10:13:29.93173,g,100,10.40,64.80,3.30,26.50,251.00,9.70,171.00,110.00,1259.00,21.00,0.00,spices_and_herbs
563,Egusi,12,f,2025-11-07 10:14:06.083606,g,100,28.00,11.00,47.00,3.00,593.00,7.00,250.00,70.00,1500.00,10.00,0.00,nuts_and_seeds
564,palm oil,12,f,2025-11-07 10:14:25.622286,g,100,28.00,11.00,47.00,5.00,590.00,7.00,300.00,70.00,1500.00,10.00,0.00,oils_and_fats
565,seasoning,365,f,2025-11-07 10:14:32.746555,g,100,6.00,6.00,1.00,1.00,270.00,20.00,100.00,300.00,1500.00,10.00,10.00,salt_and_minerals
566,Groundnut,12,f,2025-11-07 10:15:09.061867,g,100,25.70,16.10,49.00,9.00,568.00,4.60,168.00,92.00,705.00,18.00,1.00,nuts_and_seeds
567,suya spice,12,f,2025-11-07 10:15:49.761317,g,100,19.00,8.00,15.00,2.00,220.00,5.00,100.00,200.00,400.00,400.00,0.00,spices_and_herbs
568,groundnut oil,12,f,2025-11-07 10:16:16.732312,ml,100,0.00,0.00,100.00,0.00,884.00,0.00,0.00,0.00,0.00,0.00,0.00,oils_and_fats
