id,name,shelf_life,available,last_available,serving_unit,serving_size,protein,carbs,fat,fiber,energy,iron_mg,magnesium_mg,calcium_mg,potassium_mg,sodium_mg,vitamin_c_mg
1,almonds,365,t,2026-09-06 11:52:45.541952,g,100,21.15,21.55,49.93,12.50,579.00,3.70,270.00,263.00,733.00,1.00,0.00
2,apple,28,t,2026-09-04 14:12:05.353015,g,100,0.30,13.80,0.20,2.40,52.00,0.12,5.00,6.00,107.00,1.00,4.60
197,Apple cider vinegar,1825,t,2026-09-04 14:12:06.587089,tbsp,1.0,0.00,0.14,0.00,0.00,3.00,0.03,0.70,1.70,11.00,0.80,0.00
3,artichoke,7,f,2025-07-03 18:23:11.312069,g,100,3.30,10.50,0.20,5.40,47.00,1.30,60.00,44.00,370.00,60.00,11.70
4,asafoetida,365,t,2026-09-04 14:12:11.020082,g,100,9.40,74.10,2.80,5.90,348.00,7.00,20.00,65.00,40.00,0.00,0.00
5,asparagus,4,f,2026-09-04 14:12:09.955904,g,100,2.40,4.10,0.20,1.80,22.00,2.10,14.00,18.00,202.00,14.00,15.60
6,aubergine,7,f,2025-07-03 18:23:11.312069,g,100,1.00,5.90,0.20,3.00,25.00,0.23,14.00,6.00,229.00,2.00,2.20
7,aval,365,f,2025-07-03 18:23:11.312069,g,100,8.90,75.60,1.00,1.50,337.00,6.60,30.00,23.00,120.00,10.00,0.00
8,avocado,10,t,2026-09-04 14:12:12.286713,g,100,2.00,8.50,14.70,6.70,160.00,0.55,29.00,12.00,485.00,7.00,10.00
9,baby spinach,5,f,2025-07-07 12:44:02.098519,g,100,2.90,3.60,0.40,2.20,23.00,2.70,79.00,99.00,558.00,79.00,28.10
194,Bajra,365,f,2025-07-27 16:25:17.771053,g,100,11.60,67.50,4.90,11.30,361.00,8.00,125.00,42.00,370.00,17.00,0.00
10,baked beans,365,f,2025-07-27 18:48:35.082797,g,100,4.75,21.10,0.40,4.10,94.00,1.50,44.00,52.00,304.00,422.00,0.30
11,balsamic vinegar,1825,t,2026-09-04 14:12:21.088229,g,100,0.49,17.03,0.00,0.00,88.00,0.72,12.00,27.00,112.00,23.00,0.00
12,banana,7,f,2026-09-04 14:12:25.64636,g,100,1.10,22.80,0.33,2.60,89.00,0.26,27.00,5.00,358.00,1.00,8.70
200,barnyard millet,365,f,2025-07-30 19:48:32.127709,g,100,11.20,65.50,4.80,10.10,300.00,3.00,90.00,14.00,300.00,5.00,0.00
13,bay leaves,730,t,2026-09-04 14:12:22.886335,nos,1.0,0.00,0.00,0.00,0.00,0.00,0.00,0.00,0.00,0.00,0.00,0.00
14,beans,7,t,2026-09-06 11:53:00.80678,g,100,1.80,7.00,0.20,3.20,31.00,1.04,25.00,37.00,211.00,6.00,12.20
15,berries,4,t,2026-09-04 14:12:27.269447,g,100,0.63,6.03,0.40,3.80,38.60,0.40,13.00,25.00,150.00,1.00,10.00
16,besan flour,180,t,2026-09-06 11:53:52.608608,g,100,22.00,65.00,5.00,11.00,371.00,4.70,166.00,56.00,847.00,64.00,0.00
206,bitter gourd,7,f,2025-08-03 11:41:37.54416,nos,1,1.20,4.40,0.20,3.40,20.00,0.50,20.00,6.00,355.00,6.00,100.00
17,black beans,365,f,2025-07-07 12:44:02.098519,g,100,22.00,62.00,1.40,15.00,341.00,5.00,171.00,123.00,1483.00,5.00,0.00
20,blackberry,3,f,2025-07-07 12:44:02.098519,g,100,1.40,9.60,0.50,5.30,43.00,0.62,20.00,29.00,197.00,1.00,3.20
233,black cardamom,730,t,2026-09-04 14:12:32.102574,g,100,10.80,68.50,6.70,28.00,319.00,14.00,229.00,383.00,1119.00,18.00,0.00
18,black pepper,1095,t,2026-09-04 14:12:30.851817,g,100,10.40,63.95,3.30,25.30,251.00,5.85,171.00,253.00,1329.00,20.00,0.00
19,black salt,1825,t,2026-09-06 11:53:51.376031,g,100,0.00,0.00,0.00,0.00,0.00,2.00,5.00,30.00,5.00,38000.00,0.00
21,blueberries,14,t,2026-09-06 11:53:56.404903,g,100,0.74,14.49,0.33,2.40,57.00,0.28,6.00,6.00,77.00,1.00,9.70
216,brazil nuts,365,f,2025-08-12 16:06:02.162177,g,100,14.32,12.27,67.10,7.50,659.00,2.43,376.00,160.00,659.00,3.00,0.70
22,bread,6,t,2026-09-04 14:12:34.603311,nos,1,4.50,25.00,1.50,1.30,133.00,0.60,6.00,15.00,35.00,145.00,0.00
23,broccoli,5,t,2026-09-06 11:53:59.190601,g,100,2.82,6.64,0.37,2.60,34.00,0.73,21.00,47.00,316.00,33.00,89.20
24,brown lentils,1095,t,2026-09-06 11:54:03.988942,g,100,24.60,63.40,1.10,10.70,352.00,6.50,47.00,56.00,955.00,6.00,4.50
25,brown rice,180,t,2026-09-04 14:12:38.130894,g,100,2.70,25.60,1.00,1.60,123.00,0.56,39.00,3.00,86.00,4.00,0.00
26,brussel sprouts,7,f,2025-07-07 12:44:02.098519,g,100,3.38,8.95,0.30,3.80,43.00,1.38,23.00,42.00,389.00,25.00,85.00
27,butter,60,f,2025-07-07 12:44:02.098519,g,100,0.90,0.10,81.10,0.00,717.00,0.02,2.00,24.00,24.00,643.00,0.00
28,cabbage,45,t,2026-09-04 14:12:39.72065,g,100,1.28,5.80,0.10,2.50,25.00,0.47,12.00,40.00,170.00,18.00,36.60
29,cannellini beans,730,f,2025-07-07 12:44:02.098519,g,100,7.30,10.80,0.50,7.40,92.00,2.50,44.00,62.00,307.00,280.00,0.00
30,capsicum,7,t,2026-09-04 14:12:41.186376,g,100,0.90,4.60,0.20,1.70,20.00,0.34,10.00,10.00,175.00,3.00,80.40
31,cardamom,730,f,2025-07-07 12:44:02.098519,g,100,11.00,68.00,7.00,28.00,311.00,13.97,165.00,383.00,1119.00,18.00,0.00
32,carrot,21,t,2026-09-04 14:12:45.58555,nos,1.0,0.70,7.20,0.20,2.10,31.00,0.23,9.00,25.00,240.00,52.00,4.40
214,cashew nuts,365,t,2026-09-04 14:12:44.510301,g,100,18.22,30.19,43.85,3.30,553.00,6.68,292.00,37.00,660.00,12.00,0.50
34,cauliflower,7,f,2025-07-07 12:44:02.098519,g,100,1.92,4.97,0.28,2.00,25.00,0.42,15.00,22.00,299.00,30.00,48.20
35,celery,21,f,2025-07-07 12:44:02.098519,g,100,0.69,2.97,0.17,1.60,14.00,0.50,11.00,36.00,260.00,80.00,3.10
36,chaat masala,1095,t,2026-09-04 14:12:46.686041,g,100,13.20,32.00,12.00,16.00,289.00,10.00,60.00,150.00,700.00,12000.00,5.00
37,chana masala,730,f,2025-08-02 19:20:42.40832,g,100,4.00,13.00,9.00,2.00,150.00,3.00,30.00,50.00,300.00,1000.00,2.00
38,chapati flour,180,t,2026-09-04 14:12:50.002439,g,100,9.70,78.30,1.40,3.40,351.00,4.40,90.00,35.00,315.00,5.00,0.00
39,cheddar,45,f,2025-07-03 18:23:11.312069,g,100.0,24.90,1.30,33.10,0.00,403.00,0.66,28.00,721.00,98.00,653.00,0.00
40,cheddar cheese,45,f,2025-07-07 12:44:02.098519,g,100,24.90,1.30,33.10,0.00,403.00,0.66,28.00,721.00,98.00,653.00,0.00
227,Cheese,45,f,,g,100,24.90,1.30,33.10,0.00,403.00,0.66,28.00,721.00,98.00,653.00,0.00
41,cherry tomatoes,10,f,2025-07-27 18:49:44.723396,g,100,0.88,3.89,0.20,1.20,18.00,0.27,12.00,10.00,212.00,5.00,13.70
42,chia seeds,730,t,2026-09-06 12:00:24.540174,g,100,16.54,42.12,30.73,34.40,486.00,7.72,335.00,631.00,407.00,16.00,1.60
43,chicken,270,t,2026-09-06 12:00:28.533864,g,100,31.02,0.00,3.60,0.00,165.00,1.00,29.00,15.00,256.00,74.00,0.00
44,chicken breast,270,f,2025-07-03 18:23:11.312069,g,100,31.02,0.00,3.60,0.00,165.00,1.00,29.00,15.00,256.00,74.00,0.00
45,chickpeas,730,f,2025-07-07 12:44:02.098519,g,100,8.86,27.42,2.59,7.60,164.00,2.89,48.00,49.00,291.00,7.00,1.30
46,chilli flakes,730,f,2025-07-07 12:44:02.098519,g,100,12.66,56.78,17.27,27.20,318.00,7.80,59.00,80.00,2014.00,34.00,76.40
47,chilli powder,730,t,2026-09-06 12:01:10.917346,g,100,13.46,49.70,14.31,34.80,282.00,14.31,80.00,330.00,2534.00,683.00,64.20
48,cinnamon,1095,t,2026-09-06 12:01:09.936013,g,100,3.99,80.59,1.24,53.10,247.00,8.32,60.00,1002.00,431.00,10.00,11.30
49,cloves,1095,t,2026-09-06 12:01:12.151201,g,100,5.98,65.53,13.00,33.90,274.00,11.83,259.00,632.00,1020.00,277.00,11.70
50,coconut,7,t,2026-09-06 12:01:15.634179,g,100,3.33,15.23,33.49,9.00,354.00,3.43,32.00,14.00,356.00,20.00,3.30
51,coconut oil,1095,t,2026-09-06 12:01:21.501467,g,100,0.00,0.00,100.00,0.00,892.00,0.00,0.00,0.00,0.00,0.00,0.00
52,corn,5,f,2025-07-07 12:44:02.098519,g,100,3.41,20.98,1.50,2.40,96.00,0.45,26.00,3.00,218.00,1.00,5.50
53,corriander leaves,7,f,2025-07-07 12:44:02.098519,g,100,2.13,3.67,0.52,2.80,23.00,1.82,26.00,67.00,521.00,46.00,27.00
54,corriander powder,730,t,2026-09-06 12:01:19.432717,g,100,12.37,54.99,17.77,41.20,298.00,16.32,288.00,709.00,1267.00,46.00,0.00
55,cottage cheese,7,f,2025-07-03 18:23:11.312069,g,100,11.12,3.38,4.30,0.00,98.00,0.08,8.00,60.00,104.00,364.00,0.00
56,couscous,365,t,2026-09-06 12:01:24.850772,g,100,3.79,23.22,0.16,1.40,112.00,0.37,8.00,8.00,58.00,10.00,0.00
57,cucumber,7,f,2025-07-07 12:44:02.098519,g,100,0.65,3.63,0.11,0.50,15.00,0.28,13.00,16.00,147.00,2.00,2.80
58,cumin seeds,1095,t,2026-09-06 12:01:26.349891,g,100,17.81,44.24,22.27,10.50,375.00,66.36,931.00,931.00,1781.00,168.00,7.70
59,cumin whole jeera,1095,f,2025-07-07 12:44:02.098519,g,100,17.81,44.24,22.27,10.50,375.00,66.36,931.00,931.00,1781.00,168.00,7.70
60,curry leaves,7,f,2025-07-07 12:44:02.098519,g,100,6.10,18.70,1.00,6.40,108.00,5.00,44.00,830.00,610.00,30.00,5.00
218,dates,365,t,2026-09-06 12:01:48.086073,g,100,1.81,74.97,0.15,6.70,277.00,0.90,54.00,39.00,696.00,2.00,0.00
61,dried oregano,365,f,2025-07-07 12:44:02.098519,g,100,9.00,68.92,4.28,42.50,265.00,36.80,160.00,1597.00,1260.00,15.00,2.30
221,Dry green peas,365,f,2025-08-19 16:07:43.073088,g,100,24.55,60.40,1.16,25.50,341.00,4.31,63.00,27.00,852.00,15.00,0.00
62,dry methi leaves,2190,f,2025-07-07 12:44:02.098519,g,100,13.00,68.00,6.50,10.00,379.00,16.00,60.00,400.00,800.00,100.00,0.00
64,egg,28,t,2026-09-06 12:01:54.532303,nos,1.0,6.30,0.40,4.80,0.00,72.00,0.45,3.10,12.60,63.00,62.00,0.00
63,egg noodles,365,t,2026-09-06 12:01:55.651229,g,100,4.54,25.16,1.53,1.20,138.00,1.03,13.00,11.00,41.00,5.00,0.00
65,falafel,4,f,2025-07-07 12:44:02.098519,g,100,13.31,31.84,17.77,4.90,333.00,2.51,82.00,54.00,585.00,294.00,1.30
66,fennel seeds,1095,f,2025-07-07 12:44:02.098519,g,100,15.95,52.29,14.87,39.80,345.00,18.54,385.00,1196.00,1694.00,88.00,0.00
210,Fenugreek seeds,365,t,2026-09-06 12:02:07.280093,tsp,1,1.10,2.10,0.20,0.90,12.00,1.24,7.00,6.50,46.00,2.50,0.00
67,feta,60,f,2025-07-03 18:23:11.312069,g,100,14.21,4.09,21.28,0.00,264.00,0.17,19.00,493.00,62.00,1116.00,0.00
68,feta cheese,60,f,2025-07-07 12:44:02.098519,g,100,14.21,4.09,21.28,0.00,264.00,0.17,19.00,493.00,62.00,1116.00,0.00
69,fig,7,f,2025-07-07 12:44:02.098519,g,100,0.75,19.18,0.30,2.90,74.00,0.37,17.00,35.00,197.00,1.00,2.00
199,finger millet,365,f,2025-07-30 19:47:26.693865,g,100,7.30,72.00,1.30,11.50,328.00,3.90,195.00,364.00,408.00,11.00,0.00
211,Flat beans,7,f,2025-08-11 17:57:40.633806,g,100,1.83,7.14,0.20,3.20,31.00,1.04,25.00,37.00,209.00,6.00,12.20
70,flax seed powder,42,f,2025-07-07 12:44:02.098519,tbsp,1,1.30,3.10,2.50,1.70,37.00,0.40,27.00,26.00,57.00,1.00,0.00
196,Foxtail,365,f,2025-07-27 16:25:42.290918,g,100,12.30,60.90,4.20,8.00,331.00,2.70,100.00,31.00,250.00,5.00,0.00
71,fresh coriander,7,f,2025-07-07 12:44:02.098519,g,100,2.13,3.67,0.52,2.80,23.00,1.82,26.00,67.00,521.00,46.00,27.00
72,fried onions,30,t,2026-09-06 12:02:21.217363,g,100,1.15,14.55,15.60,2.05,202.00,0.50,12.00,30.00,150.00,100.00,0.00
73,fruit,7,f,2025-07-07 12:44:02.098519,g,100,0.30,13.80,0.20,2.40,52.00,0.12,5.00,6.00,107.00,1.00,4.60
74,garam masala,730,t,2026-09-06 12:02:28.834531,g,100,10.40,42.66,12.02,28.70,320.42,8.00,120.00,250.00,800.00,50.00,5.00
75,garlic,60,t,2026-09-06 12:02:31.417021,nos,1.0,0.19,1.00,0.02,0.06,4.50,0.05,0.75,5.40,12.00,0.50,0.94
76,garlic paste,14,f,2025-07-03 18:23:11.312069,g,100,6.00,30.00,0.30,1.60,147.00,1.00,15.00,60.00,300.00,50.00,5.00
231,ghee,365,t,2026-09-06 11:53:21.635928,g,100,0.00,0.00,100.00,0.00,900.00,0.00,0.00,4.00,5.00,2.00,0.00
77,ginger,20,t,2026-09-06 11:53:20.321914,g,100.0,1.80,17.80,0.80,2.00,80.00,0.60,43.00,16.00,415.00,13.00,5.00
78,ginger garlic paste,14,t,2026-09-06 11:53:18.408909,g,100,3.90,23.90,12.72,1.80,163.96,1.30,18.00,80.00,350.00,40.00,10.00
79,ginger paste,14,f,2025-07-07 18:03:23.002622,g,100,1.80,17.80,0.70,2.00,80.00,0.40,15.00,13.00,390.00,10.00,3.00
80,gram masala,730,t,2026-09-06 11:53:23.054357,g,100,10.40,42.66,12.02,28.70,320.42,8.00,120.00,150.00,800.00,50.00,5.00
81,grapes,10,f,2025-07-07 12:44:02.098519,g,100,0.72,18.10,0.16,0.90,69.00,0.36,7.00,10.00,191.00,2.00,3.20
82,greek yogurt,14,t,2026-09-06 11:53:26.308387,g,100,6.00,4.00,10.00,0.00,128.00,0.10,11.00,110.00,141.00,35.00,0.00
83,green beans,7,f,2025-07-03 18:23:11.312069,g,100,1.83,7.14,0.20,3.20,31.00,1.04,25.00,37.00,211.00,6.00,12.20
84,green chillies,7,f,2025-07-07 12:44:02.098519,nos,1.0,0.10,0.20,0.00,0.10,1.00,0.17,3.00,2.00,36.00,0.50,36.00
193,Green moong dhal,365,f,2025-07-27 16:17:52.666511,cup,1.0,48.00,126.00,2.40,32.00,694.00,13.50,378.00,264.00,2492.00,30.00,9.60
212,green pumpkin seeds,365,f,2025-08-12 16:03:26.656628,g,100,30.23,10.71,49.07,6.00,559.00,8.82,592.00,46.00,809.00,7.00,1.90
85,greens,5,f,2025-07-07 12:44:02.098519,g,100,3.00,3.80,0.30,2.40,23.00,1.50,25.00,150.00,250.00,30.00,30.00
86,grilled chicken,120,f,2025-07-07 12:44:02.098519,g,100,31.02,0.00,3.60,0.00,165.00,1.00,29.00,15.00,256.00,74.00,0.00
87,ground beef,120,f,2025-07-07 12:44:02.098519,g,100,20.00,0.00,15.00,0.00,220.00,1.98,17.00,18.00,283.00,63.00,0.00
88,guava,7,f,2025-07-03 18:23:11.312069,g,100,2.55,14.32,0.95,5.40,68.00,0.26,22.00,18.00,417.00,2.00,228.30
89,halloumi,14,f,2025-07-07 12:44:02.098519,g,100,22.00,1.80,25.00,0.00,325.00,0.40,20.00,730.00,130.00,2190.00,0.00
217,hazelnuts,365,f,2025-08-12 16:06:19.158756,g,100,14.95,16.70,60.75,9.70,628.00,4.70,163.00,114.00,680.00,5.00,6.30
90,head romaine lettuce,10,f,2025-07-03 18:23:11.312069,g,100,1.23,3.28,0.30,2.10,17.00,0.97,14.00,33.00,194.00,8.00,4.00
91,honey,1825,t,2026-09-06 12:02:58.564006,ml,15.0,0.06,17.60,0.00,0.00,64.80,0.09,0.42,1.30,11.10,0.60,0.10
92,hummus,4,f,2025-07-07 12:44:02.098519,g,100,7.90,14.30,9.60,6.00,170.00,2.40,71.00,38.00,228.00,379.00,0.00
208,Ivy gourd (kovakkai),7,f,2025-08-10 14:25:37.907917,g,100,1.20,3.70,0.10,3.00,18.00,1.40,20.00,40.00,200.00,5.00,15.00
228,Jason's Protein Bread,10,t,2026-09-06 12:03:03.531556,nos,1,10.00,5.00,2.50,3.00,80.00,0.70,15.00,30.00,80.00,150.00,0.00
93,jeera powder,730,t,2026-09-06 12:03:13.364406,g,100,17.81,44.24,22.27,10.50,375.00,66.36,931.00,931.00,1781.00,168.00,7.70
94,kale,7,f,2025-07-07 12:44:02.098519,g,100,4.28,8.75,0.93,3.60,49.00,1.47,56.00,254.00,348.00,53.00,93.40
95,kalpasi,730,t,2026-09-06 12:03:18.314771,g,100,6.00,53.00,35.00,18.00,476.00,5.00,30.00,80.00,200.00,20.00,0.00
195,Kambhu,365,f,2025-07-27 16:25:28.363293,g,100,11.60,67.50,4.90,11.30,361.00,8.00,125.00,42.00,370.00,17.00,0.00
96,kebabs,120,f,2025-07-07 12:44:02.098519,g,100,15.00,14.00,65.00,6.70,654.00,2.00,25.00,30.00,300.00,600.00,0.00
97,kefir,14,t,2026-09-06 12:03:22.916389,ml,100,3.50,4.60,2.90,0.00,59.00,0.10,12.00,120.00,150.00,40.00,0.00
232,kewra water,730,t,2026-09-06 12:03:21.333045,ml,100,0.00,0.00,0.00,0.00,0.00,0.00,0.00,0.00,0.00,1.00,0.00
98,kiwi,7,f,2025-07-03 18:23:11.312069,g,100,1.14,14.66,0.52,3.00,61.00,0.31,17.00,34.00,312.00,3.00,92.70
202,kodo millet,365,f,2025-07-30 19:50:35.055931,g,100,9.00,66.30,3.60,10.00,353.00,3.00,100.00,27.00,300.00,5.00,0.00
99,lamb,270,f,2025-07-07 12:44:02.098519,g,100,25.60,0.00,16.50,0.00,258.00,1.87,23.00,17.00,310.00,72.00,0.00
100,lemon,21,f,2025-07-07 12:44:02.09852,g,100,1.11,9.32,0.30,2.80,29.00,0.60,8.00,26.00,138.00,2.00,53.00
101,lemon juice,14,f,2025-07-07 12:44:02.098521,ml,15.0,0.06,1.00,0.04,0.05,3.30,0.01,1.20,0.90,15.30,0.15,5.80
102,lemon olive oil dressing,7,f,2025-07-07 12:44:02.098522,g,100,0.00,3.60,64.00,0.00,571.00,0.20,1.00,5.00,25.00,300.00,2.00
103,lentils,1095,t,2026-09-06 12:03:46.432037,g,100,9.02,20.13,0.38,7.90,116.00,3.32,36.00,19.00,369.00,2.00,1.50
104,lettuce,7,f,2025-07-07 12:44:02.098524,g,100,0.90,2.97,0.15,1.30,14.00,0.41,7.00,18.00,141.00,10.00,2.80
105,lime,21,f,2025-07-07 12:44:02.098525,g,100,0.70,10.54,0.20,2.80,30.00,0.60,18.00,33.00,102.00,2.00,29.10
201,little millet,365,f,2025-07-30 19:49:33.636161,g,100,10.10,65.60,3.90,7.70,346.00,3.50,90.00,17.00,300.00,5.00,0.00
106,makana,365,f,2025-07-07 12:44:02.098526,g,100,9.70,76.90,0.10,14.50,350.00,3.70,56.00,44.00,367.00,1.00,0.00
107,mango,7,f,2025-07-07 12:44:02.098527,g,100,0.82,14.98,0.38,1.60,60.00,0.16,10.00,11.00,168.00,1.00,36.40
108,masoor dhal,1095,f,2025-07-07 12:44:02.098528,g,100,25.00,59.00,1.00,10.00,343.00,7.40,65.00,71.00,677.00,10.00,3.00
109,melon,7,f,2025-07-07 12:44:02.098529,g,100,0.84,8.16,0.19,0.90,34.00,0.17,12.00,9.00,267.00,16.00,36.70
110,milk,7,t,2026-09-06 12:03:54.883301,ml,100,3.15,4.80,3.27,0.00,61.00,0.03,10.00,113.00,132.00,43.00,0.00
111,mint leaves,7,f,2025-07-27 18:50:26.510582,g,100,3.75,14.89,0.94,8.00,70.00,5.08,80.00,243.00,458.00,31.00,31.80
112,moong dal,1095,f,2025-07-07 12:44:02.098532,g,100,24.00,63.00,1.20,16.00,347.00,6.74,189.00,132.00,1246.00,15.00,4.80
234,MSG,1825,t,2026-09-06 12:03:52.631761,g,100,0.00,0.00,0.00,0.00,0.00,0.10,0.00,5.00,0.00,12200.00,0.00
113,mushrooms,7,f,2025-07-07 12:44:02.098533,g,100,3.09,3.26,0.34,1.00,22.00,0.50,9.00,3.00,318.00,5.00,2.10
114,mutton masala,730,f,2025-07-07 12:44:02.098534,g,100,19.22,34.48,26.10,14.10,441.08,8.00,60.00,100.00,700.00,2000.00,3.00
115,naan,7,f,2025-07-07 12:44:02.098535,g,100,8.90,50.10,12.50,1.90,336.00,2.50,25.00,60.00,120.00,350.00,0.00
116,noodles,365,f,2025-07-07 12:44:02.098536,g,100,4.50,25.00,2.10,1.20,138.00,1.00,14.00,10.00,30.00,5.00,0.00
117,nuts,365,f,2025-07-07 12:44:02.098537,g,100,20.00,21.40,54.20,6.70,607.00,3.72,250.00,130.00,590.00,15.00,0.00
118,oats,365,f,2025-07-07 12:44:02.098538,g,100,16.89,66.27,6.92,10.60,379.00,4.72,177.00,54.00,429.00,2.00,0.00
119,olive oil,730,t,2026-09-06 12:04:07.382651,tbsp,1.0,0.00,0.00,13.50,0.00,119.00,0.00,0.00,0.00,0.00,0.00,0.00
120,olives,365,f,2025-07-27 18:50:52.224307,g,100,0.84,6.26,10.97,3.20,116.00,0.49,11.00,88.00,42.00,1566.00,0.90
121,onion,30,t,2026-09-06 12:04:10.181952,g,100,1.10,9.34,0.10,1.70,40.00,0.21,10.00,23.00,146.00,4.00,7.40
122,orange,14,f,2025-07-07 12:44:02.098542,g,100,0.94,11.75,0.12,2.40,47.00,0.10,14.00,40.00,181.00,0.00,53.20
123,paneer,7,t,2026-09-06 12:05:00.782542,g,100,19.00,4.00,23.50,0.00,321.00,0.20,25.00,480.00,100.00,20.00,0.00
124,papaya,7,f,2025-07-07 12:44:02.098544,g,100,0.47,10.82,0.26,1.70,43.00,0.25,21.00,20.00,182.00,8.00,60.90
225,Parmesan cheese,180,t,2026-09-06 12:05:05.131367,g,100,35.75,3.22,25.83,0.00,392.00,0.82,38.00,1184.00,125.00,1529.00,0.00
125,parsley,10,f,2025-07-07 12:44:02.098545,g,100,2.97,6.33,0.79,3.30,36.00,6.20,50.00,138.00,554.00,56.00,133.00
126,pasta,1095,t,2026-09-06 12:05:01.914783,g,100,13.04,74.67,1.51,3.20,371.00,3.30,53.00,23.00,184.00,5.00,0.00
127,peanuts,365,f,2025-07-07 12:44:02.098547,g,100,25.80,16.13,49.24,8.50,567.00,4.58,168.00,92.00,705.00,18.00,0.00
198,pearl millet,365,f,2025-07-30 19:45:15.404905,g,100,11.60,67.50,5.00,11.30,361.00,8.00,125.00,42.00,370.00,17.00,0.00
128,peas,5,f,2025-07-07 12:44:02.098548,g,100,5.42,14.45,0.40,5.70,81.00,1.54,33.00,27.00,244.00,5.00,40.00
129,pepper,7,f,2025-07-07 12:44:02.098549,g,100,0.90,4.60,0.20,1.70,20.00,0.34,10.00,10.00,175.00,3.00,80.40
130,pickle,365,f,2025-07-07 12:44:02.09855,g,100,0.50,2.26,0.20,1.00,12.00,0.26,5.00,21.00,117.00,809.00,1.00
131,pickled courgette,365,f,2025-07-07 12:44:02.098551,g,100,1.00,7.60,0.30,0.80,35.00,0.40,12.00,20.00,150.00,600.00,5.00
132,pineapple,7,f,2025-07-07 12:44:02.098552,g,100,0.54,13.12,0.12,1.40,50.00,0.28,12.00,13.00,109.00,1.00,47.80
133,pineapple mix,730,f,2025-07-07 12:44:02.098553,g,100,0.00,66.70,0.00,0.00,167.00,0.30,5.00,8.00,60.00,5.00,5.00
213,pine nuts,365,f,2025-08-12 16:04:04.335192,g,100,13.69,13.08,68.37,3.70,673.00,5.53,251.00,16.00,597.00,2.00,0.80
134,pistachios,365,t,2026-09-06 12:05:09.829831,g,100,20.16,27.17,45.32,10.30,560.00,3.92,121.00,105.00,1007.00,276.00,0.00
135,plaintain,7,f,2025-07-07 12:44:02.098555,g,100,0.99,31.89,0.13,2.30,122.00,0.60,34.00,3.00,397.00,4.00,18.40
136,pomegranate,30,f,2025-07-07 12:44:02.098556,g,100,1.67,18.70,1.17,4.00,83.00,0.30,16.00,10.00,236.00,3.00,10.20
137,potatoes,60,t,2026-09-06 12:05:12.930947,g,100,1.90,20.13,0.10,1.80,87.00,0.31,22.00,8.00,379.00,4.00,13.00
220,prawn,180,f,2025-08-17 12:15:17.71347,g,100,24.24,0.20,0.28,0.00,99.00,0.51,29.00,70.00,259.00,111.00,0.00
223,Protein chapati,7,t,2026-09-06 12:05:16.64845,nos,1,5.00,18.00,2.50,2.00,120.00,1.00,25.00,15.00,150.00,150.00,0.00
207,Protein Noodles,365,t,2026-09-06 12:05:18.830024,g,100,9.40,25.40,1.10,1.80,153.00,2.00,25.00,30.00,100.00,20.00,0.00
138,protein powder,730,t,2026-09-06 12:05:20.147857,cup,1,20.00,1.00,1.00,0.00,100.00,5.00,50.00,433.00,600.00,333.00,0.00
139,pulses,1095,f,2025-07-07 12:44:02.098559,g,100,9.02,20.13,0.38,7.90,116.00,3.32,36.00,19.00,369.00,2.00,1.50
140,quinoa,1095,t,2026-09-06 12:05:25.214434,g,100,4.40,21.30,1.92,2.80,120.00,1.49,64.00,17.00,172.00,7.00,0.00
141,radishes,14,f,2025-07-07 12:44:02.098561,g,100,0.68,3.40,0.10,1.60,16.00,0.34,10.00,25.00,233.00,39.00,14.80
142,ragi flour,180,f,2025-07-07 12:44:02.098562,g,100,7.52,72.30,1.14,11.00,328.26,3.90,195.00,364.00,408.00,11.00,0.00
143,raisins,365,f,2025-07-07 12:44:02.098563,g,100,3.07,79.18,0.46,3.70,299.00,1.88,20.00,50.00,749.00,11.00,2.30
144,raspberry,5,f,2025-07-07 12:44:02.098564,g,100,1.20,11.94,0.65,6.50,52.00,0.69,20.00,25.00,151.00,1.00,26.20
203,rava,365,t,2026-09-06 12:07:42.427839,g,100,10.40,74.80,0.80,3.90,348.00,1.23,47.00,17.00,115.00,1.00,0.00
145,red capsicum,7,f,2026-09-06 12:05:31.963524,g,100,0.99,6.32,0.30,2.10,31.00,0.43,12.00,7.00,211.00,4.00,127.70
147,red-chilli sauce,365,f,2025-07-07 12:44:02.098567,g,100,1.65,13.59,0.27,1.00,67.29,0.50,15.00,15.00,100.00,2000.00,3.00
146,red onion,30,f,2025-07-07 12:44:02.098566,g,100,1.10,9.40,0.10,1.70,40.00,0.21,10.00,23.00,146.00,4.00,7.40
148,rice,1095,t,2026-09-06 12:07:41.012062,g,100,2.69,28.17,0.28,0.40,130.00,0.20,12.00,10.00,35.00,1.00,0.00
209,ridge gourd (peerkangai),7,f,2025-08-10 14:32:49.398706,g,100,1.20,4.40,0.20,1.40,20.00,0.36,14.00,20.00,139.00,5.00,12.00
149,roasted gram,365,f,2025-07-07 12:44:02.098569,g,100,9.00,27.00,2.60,17.00,167.00,3.50,60.00,60.00,500.00,10.00,0.00
151,rosemary,14,f,2025-07-07 12:44:02.098571,g,100,3.30,20.70,5.86,14.10,131.00,1.07,91.00,317.00,668.00,26.00,21.80
152,roti flour,180,t,2026-09-06 12:07:39.781676,g,100,9.70,78.30,1.40,3.40,351.00,4.40,90.00,35.00,315.00,5.00,0.00
153,rye toast,7,f,2025-07-07 12:44:02.098573,g,100,9.30,53.10,3.60,5.80,285.00,2.50,40.00,40.00,250.00,400.00,0.00
229,saffron,730,f,2026-09-04 09:08:34.786261,g,100,11.40,65.40,5.90,3.90,310.00,24.60,264.00,111.00,1724.00,148.00,80.80
154,salad leaves,5,f,2025-07-07 12:44:02.098574,g,100,1.36,2.87,0.15,1.30,15.00,0.41,7.00,18.00,141.00,10.00,2.80
219,salad radish,14,f,2025-08-17 12:14:26.876144,g,100,0.68,3.40,0.10,1.60,16.00,0.34,10.00,25.00,233.00,39.00,14.80
155,salad tomatoes,7,f,2025-07-07 12:44:02.098575,g,100,0.88,3.89,0.20,1.20,18.00,0.27,12.00,10.00,237.00,5.00,13.70
156,salmon,90,t,2026-09-06 12:08:03.694019,g,100,20.30,0.00,13.10,0.00,203.00,0.34,27.00,9.00,363.00,44.00,0.00
157,salsa,14,f,2025-07-07 12:44:02.098577,g,100,2.00,8.00,0.00,2.00,36.00,0.50,15.00,20.00,250.00,400.00,5.00
158,salt,1825,t,2026-09-06 12:08:05.378237,g,100,0.00,0.00,0.00,0.00,0.00,0.29,2.00,24.00,8.00,38758.00,0.00
215,sesame seeds,365,t,2026-09-06 12:08:09.076893,g,100,17.73,23.45,49.67,11.80,573.00,14.55,351.00,975.00,468.00,11.00,0.00
230,shah jeera,730,f,2026-09-04 09:08:34.800316,g,100,19.80,49.90,14.60,38.00,333.00,16.20,258.00,689.00,1351.00,17.00,0.00
159,shallots,30,t,2026-09-06 12:08:16.010196,g,100,2.50,16.82,0.10,3.20,72.00,1.20,21.00,37.00,334.00,12.00,8.00
160,shredded chicken,120,f,2025-07-07 12:44:02.09858,g,100,22.00,0.00,2.50,0.00,110.00,0.70,29.00,15.00,256.00,74.00,0.00
161,shrimp,180,f,2025-07-07 12:44:02.098581,g,100,24.24,0.20,0.28,0.00,99.00,0.51,29.00,70.00,259.00,111.00,0.00
162,smoked paprika,730,f,2025-07-07 12:44:02.098582,g,100,14.00,54.00,12.90,35.00,319.00,14.31,80.00,330.00,2534.00,683.00,64.20
226,Smoked Salmon,90,f,,g,100,18.28,0.00,4.32,0.00,117.00,0.31,23.00,11.00,314.00,784.00,0.00
204,soy milk (alpro),5,f,2025-07-30 20:06:20.456331,ml,100,3.30,2.60,1.90,0.60,42.00,0.30,15.00,120.00,120.00,40.00,0.00
163,soy sauce,730,t,2026-09-06 12:08:20.79433,g,100,8.14,4.93,0.57,0.80,53.00,2.38,48.00,33.00,212.00,5493.00,0.00
164,spices,730,f,2025-07-07 12:44:02.098584,g,100,10.40,42.66,12.02,28.70,320.42,10.00,100.00,200.00,800.00,50.00,5.00
165,spinach,5,f,2025-07-07 12:44:02.098585,g,100,2.86,3.63,0.39,2.20,23.00,2.71,79.00,99.00,558.00,79.00,28.10
166,split peas,1095,f,2025-07-07 12:44:02.098586,g,100,24.55,60.40,1.16,26.00,341.00,4.31,63.00,27.00,852.00,15.00,0.00
167,spring onion,7,t,2026-09-06 12:08:21.914036,g,100,1.83,7.34,0.19,2.60,32.00,1.48,16.00,38.00,212.00,4.00,18.80
168,star anise,1095,t,2026-09-06 12:08:25.16102,g,100,18.00,50.00,16.00,15.00,337.00,5.00,50.00,100.00,400.00,20.00,1.00
169,strawberry,5,f,2025-07-07 12:44:02.098589,g,100,0.67,7.68,0.30,2.00,32.00,0.42,20.00,16.00,153.00,1.00,58.80
170,sunflower oil,730,t,2026-09-06 12:08:26.828231,g,100,0.00,0.00,100.00,0.00,900.00,0.00,0.00,0.00,0.00,0.00,0.00
172,sweetcorn,5,f,2025-07-07 12:44:02.098592,g,100,3.41,20.98,1.50,2.40,96.00,0.45,26.00,3.00,218.00,1.00,5.50
171,sweet potatoes,30,f,2025-07-07 12:44:02.098591,g,100,1.60,20.71,0.15,3.30,90.00,0.59,25.00,34.00,466.00,36.00,19.60
173,tabbouleh,4,f,2025-07-07 12:44:02.098593,g,100,2.00,10.00,15.00,3.00,186.00,1.50,25.00,40.00,300.00,300.00,1.00
174,tamarind,365,t,2026-09-06 12:08:45.328064,g,100,2.80,62.50,0.60,5.10,239.00,2.80,92.00,74.00,628.00,28.00,3.50
175,thyme,14,f,2025-07-07 12:44:02.098595,g,100,5.56,24.45,1.68,14.00,101.00,17.45,160.00,405.00,609.00,9.00,160.00
176,toast,7,f,2025-07-07 12:44:02.098596,g,100,9.30,57.10,1.60,1.80,265.00,1.50,15.00,30.00,100.00,400.00,0.00
177,tofu,7,f,2025-07-07 12:44:02.098597,g,100,17.27,2.78,8.72,2.30,144.00,2.66,58.00,350.00,237.00,7.00,0.10
178,tomato,7,t,2026-09-06 12:09:14.337461,g,100,0.88,3.89,0.20,1.20,18.00,0.27,12.00,10.00,237.00,5.00,13.70
179,tomato salsa,14,f,2025-07-07 12:44:02.098599,g,100,0.95,5.95,2.38,1.67,49.00,0.30,10.00,15.00,250.00,200.00,5.00
180,toor dhal,1095,t,2026-09-06 12:09:12.645347,g,100,22.86,62.78,1.64,15.00,343.00,4.40,156.00,100.00,1392.00,17.00,0.00
182,turmeric,1095,f,2026-09-06 12:09:15.643849,g,100,9.68,67.14,3.25,22.70,312.00,55.00,193.00,183.00,1976.00,27.00,0.80
183,turmeric powder,1095,t,2026-09-06 12:09:20.543564,g,100,9.68,67.14,3.25,22.70,312.00,55.00,193.00,183.00,1976.00,27.00,0.80
185,urad dhal,1095,t,2026-09-06 12:09:27.328395,g,100,25.21,58.99,1.64,18.30,341.00,7.60,260.00,154.00,983.00,38.00,0.00
222,Vegetables,7,f,,g,100,2.00,6.00,0.20,2.50,30.00,0.80,20.00,40.00,300.00,30.00,30.00
186,vegetable stock,365,f,2025-07-07 12:44:02.098607,g,100,0.23,0.95,0.09,0.00,5.00,0.05,2.00,5.00,40.00,400.00,0.00
187,walnuts,365,f,2025-07-07 12:44:02.098608,g,100,15.23,13.71,65.21,6.70,654.00,2.91,158.00,98.00,441.00,2.00,1.30
188,water,1825,t,2026-09-06 12:09:42.743833,cup,1,0.00,0.00,0.00,0.00,0.00,0.00,0.00,0.00,0.00,0.00,0.00
189,watermelon,7,f,2025-07-07 12:44:02.09861,g,100,0.61,7.55,0.15,0.40,30.00,0.24,10.00,8.00,112.00,1.00,8.10
205,wheat flour,180,t,2026-09-06 12:09:49.376992,g,100,13.21,72.57,2.50,10.70,340.00,3.60,138.00,34.00,363.00,2.00,0.00
150,white pumpkin seeds,7,f,2025-07-07 12:44:02.09857,g,100,30.23,10.71,49.07,6.00,559.00,8.82,592.00,46.00,809.00,7.00,1.90
224,Yellow Bell Pepper,7,f,,g,100,0.98,6.15,0.27,2.10,27.00,0.46,12.00,11.00,212.00,3.00,183.50
191,yoghurt,7,f,2025-07-27 18:51:23.3736,g,100,3.47,4.70,3.25,0.00,61.00,0.05,12.00,121.00,155.00,46.00,0.50
192,zucchini,7,f,2025-07-07 12:44:02.098614,g,100,1.21,3.11,0.32,1.00,17.00,0.37,18.00,16.00,261.00,8.00,17.90
