id,name,serves,ingredients,instructions,meal_type,is_vegetarian,protein,carbs,fat,fiber,energy,iron_mg,magnesium_mg,calcium_mg,potassium_mg,sodium_mg,vitamin_c_mg
1,Protein Smoothie Bowl,2,"[{""name"": ""banana"", ""quantity"": 260.0, ""serving_unit"": ""g""}, {""name"": ""blueberries"", ""quantity"": 140.0, ""serving_unit"": ""g""}, {""name"": ""flax seed powder"", ""quantity"": 2.0, ""serving_unit"": ""tbsp""}, {""name"": ""milk"", ""quantity"": 200.0, ""serving_unit"": ""ml""}, {""name"": ""oats"", ""quantity"": 100.0, ""serving_unit"": ""g""}, {""name"": ""pineapple"", ""quantity"": 160.0, ""serving_unit"": ""g""}, {""name"": ""protein powder"", ""quantity"": 2.0, ""serving_unit"": ""cup""}]",Combine all ingredients.,breakfast,t,70.55,184.63,21.97,26.36,1166.20,17.10,448.80,1240.20,3220.00,761.60,112.68
2,Moong Dal Chilla,2,"[{""id"": 30, ""name"": ""capsicum"", ""quantity"": 50.0, ""serving_unit"": ""g""}, {""id"": 32, ""name"": ""carrot"", ""quantity"": 0.5, ""serving_unit"": ""nos""}, {""id"": 59, ""name"": ""cumin whole jeera"", ""quantity"": 5.0, ""serving_unit"": ""g""}, {""id"": 75, ""name"": ""garlic"", ""quantity"": 2.0, ""serving_unit"": ""nos""}, {""id"": 84, ""name"": ""green chillies"", ""quantity"": 2.0, ""serving_unit"": ""nos""}, {""id"": 112, ""name"": ""moong dal"", ""quantity"": 200.0, ""serving_unit"": ""g""}]","Soak Moon Dal overnight. Blend it with ginger, garlic and cumin seeds. Top it with veggies",breakfast,t,50.27,136.51,3.75,34.75,749.25,17.52,441.55,342.85,2884.55,67.90,126.27
3,Overnight Oats,2,"[{""name"": ""oats"", ""quantity"": 80.0, ""serving_unit"": ""g""}, {""name"": ""berries"", ""quantity"": 160.0, ""serving_unit"": ""g""}, {""name"": ""chia seeds"", ""quantity"": 30.0, ""serving_unit"": ""g""}, {""name"": ""nuts"", ""quantity"": 40.0, ""serving_unit"": ""g""}]","Combine oats, berries, chia seeds, and nuts. Refrigerate overnight. Serve with eggs.",breakfast,t,27.48,83.86,37.08,27.56,753.56,8.22,362.90,324.50,941.30,14.00,16.48
4,Veggie Omelette,2,"[{""name"": ""egg"", ""quantity"": 4.0, ""serving_unit"": ""nos""}, {""name"": ""cabbage"", ""quantity"": 50.0, ""serving_unit"": ""g""}, {""name"": ""carrot"", ""quantity"": 1.0, ""serving_unit"": ""nos""}, {""name"": ""capsicum"", ""quantity"": 50.0, ""serving_unit"": ""g""}, {""name"": ""mushrooms"", ""quantity"": 50.0, ""serving_unit"": ""g""}, {""name"": ""green chillies"", ""quantity"": 2.0, ""serving_unit"": ""nos""}, {""name"": ""besan flour"", ""quantity"": 30.0, ""serving_unit"": ""g""}, {""name"": ""beans"", ""quantity"": 50.0, ""serving_unit"": ""g""}, {""name"": ""sunflower oil"", ""quantity"": 10.0, ""serving_unit"": ""ml""}]",Whisk all ingredients. Toast it on pan. ,breakfast,t,36.24,39.03,31.32,9.80,571.30,4.96,105.20,141.20,1255.10,336.20,142.05
5,Eggs / Paneer / Tofu Bhurji Sandwich ,2,"[{""name"": ""bread"", ""quantity"": 4.0, ""serving_unit"": ""nos""}, {""name"": ""egg"", ""quantity"": 4.0, ""serving_unit"": ""nos""}, {""name"": ""paneer"", ""quantity"": 100.0, ""serving_unit"": ""g""}, {""name"": ""onion"", ""quantity"": 100.0, ""serving_unit"": ""g""}, {""name"": ""tomato"", ""quantity"": 100.0, ""serving_unit"": ""g""}, {""name"": ""green chillies"", ""quantity"": 2.0, ""serving_unit"": ""nos""}, {""name"": ""ginger"", ""quantity"": 10.0, ""serving_unit"": ""g""}, {""name"": ""lettuce"", ""quantity"": 50.0, ""serving_unit"": ""g""}, {""name"": ""cumin seeds"", ""quantity"": 3.0, ""serving_unit"": ""g""}]","chop onion, tomato, green chillies, cumin powder and saute. Add scrambled eggs / paneer, ginger and cook.,
Use halloumi instead of paneer occasionally 
Top it on toast. Add lettuce if required.  ",breakfast,t,66.36,129.04,50.74,13.27,1259.25,7.92,170.83,684.33,1430.93,878.04,98.73
7,Masala Omelette,2,"[{""name"": ""egg"", ""quantity"": 4.0, ""serving_unit"": ""nos""}, {""name"": ""spices"", ""quantity"": 3.0, ""serving_unit"": ""g""}, {""name"": ""toast"", ""quantity"": 60.0, ""serving_unit"": ""g""}, {""name"": ""spinach"", ""quantity"": 50.0, ""serving_unit"": ""g""}, {""name"": ""onion"", ""quantity"": 50.0, ""serving_unit"": ""g""}, {""name"": ""tomato"", ""quantity"": 50.0, ""serving_unit"": ""g""}, {""name"": ""zucchini"", ""quantity"": 50.0, ""serving_unit"": ""g""}, {""name"": ""olives"", ""quantity"": 20.0, ""serving_unit"": ""g""}]",Beat eggs with spices. Cook omelette. Serve with toast ,breakfast,t,34.29,48.38,23.22,5.63,528.81,4.88,86.10,166.00,945.40,850.70,33.88
8,Sweet Quinoa Porridge,2,"[{""name"": ""banana"", ""quantity"": 240.0, ""serving_unit"": ""g""}, {""name"": ""berries"", ""quantity"": 160.0, ""serving_unit"": ""g""}, {""name"": ""nuts"", ""quantity"": 40.0, ""serving_unit"": ""g""}, {""name"": ""quinoa"", ""quantity"": 100.0, ""serving_unit"": ""g""}]","Cook quinoa into porridge. Top with nuts, banana, or berries.",breakfast,t,16.05,94.23,25.03,17.80,638.16,4.24,249.60,121.00,1507.20,17.00,36.88
10,Chickpea Salad,2,"[{""name"": ""chickpeas"", ""quantity"": 200.0, ""serving_unit"": ""g""}, {""name"": ""lettuce"", ""quantity"": 100.0, ""serving_unit"": ""g""}, {""name"": ""tomato"", ""quantity"": 100.0, ""serving_unit"": ""g""}, {""name"": ""onion"", ""quantity"": 100.0, ""serving_unit"": ""g""}, {""name"": ""cheddar cheese"", ""quantity"": 60.0, ""serving_unit"": ""g""}, {""name"": ""olive oil"", ""quantity"": 2.0, ""serving_unit"": ""tbsp""}, {""name"": ""lemon juice"", ""quantity"": 30.0, ""serving_unit"": ""ml""}, {""name"": ""couscous"", ""quantity"": 100.0, ""serving_unit"": ""g""}]","Soak chickpeas overnight and pressure cook next day. Cook couscous by steaming it hot water. Add salad veggies and leaves, chickpeas. Dress it with lemon / balsamic vinegar / olive oil. ",dinner,t,39.45,97.04,52.73,20.90,998.40,7.46,152.20,591.40,1253.40,435.10,38.10
11,Quinoa Bowl with roasted veggies ,2,"[{""name"": ""quinoa"", ""quantity"": 100.0, ""serving_unit"": ""g""}, {""name"": ""zucchini"", ""quantity"": 100.0, ""serving_unit"": ""g""}, {""name"": ""capsicum"", ""quantity"": 100.0, ""serving_unit"": ""g""}, {""name"": ""red onion"", ""quantity"": 100.0, ""serving_unit"": ""g""}, {""name"": ""aubergine"", ""quantity"": 100.0, ""serving_unit"": ""g""}, {""name"": ""chickpeas"", ""quantity"": 100.0, ""serving_unit"": ""g""}, {""name"": ""lentils"", ""quantity"": 50.0, ""serving_unit"": ""g""}, {""name"": ""parsley"", ""quantity"": 20.0, ""serving_unit"": ""g""}, {""name"": ""lemon olive oil dressing"", ""quantity"": 30.0, ""serving_unit"": ""ml""}, {""name"": ""grilled chicken"", ""quantity"": 150.0, ""serving_unit"": ""g""}, {""name"": ""orange"", ""quantity"": 150.0, ""serving_unit"": ""g""}]","Have orange first. 
Cook all ingredients and mix - top with dressing ",lunch,f,70.51,101.77,30.46,26.01,940.50,10.14,256.80,242.10,2232.30,244.20,216.95
12,Mediterranean Stir-fry,2,"[{""name"": ""spinach"", ""quantity"": 100.0, ""serving_unit"": ""g""}, {""name"": ""chickpeas"", ""quantity"": 200.0, ""serving_unit"": ""g""}, {""name"": ""feta"", ""quantity"": 100.0, ""serving_unit"": ""g""}, {""name"": ""chicken"", ""quantity"": 150.0, ""serving_unit"": ""g""}, {""name"": ""capsicum"", ""quantity"": 50.0, ""serving_unit"": ""g""}, {""name"": ""onion"", ""quantity"": 50.0, ""serving_unit"": ""g""}, {""name"": ""tomato"", ""quantity"": 100.0, ""serving_unit"": ""g""}, {""name"": ""olive oil"", ""quantity"": 1.0, ""serving_unit"": ""tbsp""}]","Stir-fry peppers, onions, spinach, and tomatoes. Add chickpeas and feta or chicken.",lunch,f,83.20,73.42,46.10,20.30,1029.50,10.71,259.50,739.00,1983.50,1328.50,88.30
13,Burrito Bowls,2,"[{""name"": ""avocado"", ""quantity"": 150.0, ""serving_unit"": ""g""}, {""name"": ""black beans"", ""quantity"": 200.0, ""serving_unit"": ""g""}, {""name"": ""brown rice"", ""quantity"": 100.0, ""serving_unit"": ""g""}, {""name"": ""chicken"", ""quantity"": 150.0, ""serving_unit"": ""g""}, {""name"": ""ground beef"", ""quantity"": 150.0, ""serving_unit"": ""g""}, {""name"": ""paneer"", ""quantity"": 100.0, ""serving_unit"": ""g""}, {""name"": ""salsa"", ""quantity"": 60.0, ""serving_unit"": ""ml""}, {""name"": ""tofu"", ""quantity"": 100.0, ""serving_unit"": ""g""}]","Assemble bowls with brown rice, black beans, salsa, avocado, and yogurt. Add tofu, paneer, ground meat, or chicken.",lunch,t,163.70,173.93,85.97,45.15,2109.10,19.02,585.50,1158.50,5075.00,497.00,18.10
14,Wraps with Black Beans,2,"[{""name"": ""Protein chapati"", ""quantity"": 4.0, ""serving_unit"": ""nos""}, {""name"": ""black beans"", ""quantity"": 200.0, ""serving_unit"": ""g""}, {""name"": ""avocado"", ""quantity"": 150.0, ""serving_unit"": ""g""}, {""name"": ""fruit"", ""quantity"": 100.0, ""serving_unit"": ""g""}, {""name"": ""chicken"", ""quantity"": 150.0, ""serving_unit"": ""g""}, {""name"": ""shrimp"", ""quantity"": 150.0, ""serving_unit"": ""g""}]","Fill wraps with beans, avocado. Serve with fruit. Add chicken or shrimp.",lunch,f,150.19,222.85,40.87,50.45,1850.00,17.21,577.50,457.50,5173.00,899.00,19.60
15,Grilled Halloumi/Tofu & Roasted Veg,2,"[{""name"": ""halloumi"", ""quantity"": 100.0, ""serving_unit"": ""g""}, {""name"": ""tofu"", ""quantity"": 100.0, ""serving_unit"": ""g""}, {""name"": ""couscous"", ""quantity"": 100.0, ""serving_unit"": ""g""}, {""name"": ""orange"", ""quantity"": 150.0, ""serving_unit"": ""g""}, {""name"": ""salmon"", ""quantity"": 100.0, ""serving_unit"": ""g""}]","Grill halloumi or tofu. Serve with couscous, orange, or salmon.",lunch,t,64.77,45.43,47.16,7.30,854.50,3.92,134.00,1157.00,1059.50,2251.00,79.90
16,Pasta with a veggie ,2,"[{""name"": ""pasta"", ""quantity"": 160.0, ""serving_unit"": ""g""}, {""name"": ""tomato"", ""quantity"": 100.0, ""serving_unit"": ""g""}, {""name"": ""garlic"", ""quantity"": 2.0, ""serving_unit"": ""nos""}, {""name"": ""olive oil"", ""quantity"": 1.0, ""serving_unit"": ""tbsp""}, {""name"": ""Parmesan cheese"", ""quantity"": 15.0, ""serving_unit"": ""g""}, {""name"": ""broccoli"", ""quantity"": 100.0, ""serving_unit"": ""g""}]",Boil pasta. Sauté garlic and vegetable. Add pasta and pesto / sauce. ,dinner,t,30.31,132.49,20.40,9.04,832.40,6.50,125.00,282.20,890.15,276.35,104.78
17,Mezze Platter,2,"[{""name"": ""hummus"", ""quantity"": 100.0, ""serving_unit"": ""g""}, {""name"": ""tabbouleh"", ""quantity"": 100.0, ""serving_unit"": ""g""}, {""name"": ""falafel"", ""quantity"": 100.0, ""serving_unit"": ""g""}, {""name"": ""melon"", ""quantity"": 100.0, ""serving_unit"": ""g""}, {""name"": ""lamb"", ""quantity"": 150.0, ""serving_unit"": ""g""}, {""name"": ""chicken"", ""quantity"": 150.0, ""serving_unit"": ""g""}]","Assemble platter with hummus, tzatziki, tabbouleh, falafel or eggs. Serve with melon slices and lamb or chicken skewers.",lunch,f,108.98,64.30,72.71,14.80,1357.50,10.89,268.00,189.00,2229.00,1208.00,39.00
18,Indian Curry Night,2,"[{""name"": ""cauliflower"", ""quantity"": 200.0, ""serving_unit"": ""g""}, {""name"": ""paneer"", ""quantity"": 150.0, ""serving_unit"": ""g""}, {""name"": ""spinach"", ""quantity"": 100.0, ""serving_unit"": ""g""}, {""name"": ""lamb"", ""quantity"": 150.0, ""serving_unit"": ""g""}, {""name"": ""onion"", ""quantity"": 100.0, ""serving_unit"": ""g""}, {""name"": ""tomato"", ""quantity"": 100.0, ""serving_unit"": ""g""}, {""name"": ""ginger garlic paste"", ""quantity"": 15.0, ""serving_unit"": ""g""}, {""name"": ""garam masala"", ""quantity"": 5.0, ""serving_unit"": ""g""}, {""name"": ""turmeric powder"", ""quantity"": 3.0, ""serving_unit"": ""g""}, {""name"": ""olive oil"", ""quantity"": 1.0, ""serving_unit"": ""tbsp""}]","Prepare curry base. Serve with cauliflower rice. Add paneer, spinach, or lamb.",dinner,t,76.98,40.53,77.36,11.49,1168.48,9.38,217.49,951.49,2305.78,295.31,147.37
19,Brown Rice & Chana Masala w chicken,2,"[{""name"": ""brown rice"", ""quantity"": 150.0, ""serving_unit"": ""g""}, {""name"": ""chana masala"", ""quantity"": 200.0, ""serving_unit"": ""g""}, {""name"": ""chicken breast"", ""quantity"": 120.0, ""serving_unit"": ""g""}, {""name"": ""greens"", ""quantity"": 100.0, ""serving_unit"": ""g""}, {""name"": ""berries"", ""quantity"": 80.0, ""serving_unit"": ""g""}]","Serve chana masala with brown rice, greens, salad, berries, and chicken breast.",dinner,f,52.78,73.02,24.44,11.84,736.38,9.86,188.70,292.50,1406.20,2125.60,42.00
22,Kebab Night,2,"[{""name"": ""kebabs"", ""quantity"": 200.0, ""serving_unit"": ""g""}, {""name"": ""green beans"", ""quantity"": 100.0, ""serving_unit"": ""g""}, {""name"": ""cucumber"", ""quantity"": 100.0, ""serving_unit"": ""g""}, {""name"": ""greek yogurt"", ""quantity"": 100.0, ""serving_unit"": ""g""}]",Grill kebabs with green beans. Serve with cucumber yogurt salad.,dinner,t,38.48,42.77,140.31,17.10,1482.00,5.42,99.00,223.00,1099.00,1243.00,15.00
23,Moroccan Lentil & Vegetable Stew,2,"[{""name"": ""lentils"", ""quantity"": 150.0, ""serving_unit"": ""g""}, {""name"": ""chickpeas"", ""quantity"": 100.0, ""serving_unit"": ""g""}, {""name"": ""onion"", ""quantity"": 100.0, ""serving_unit"": ""g""}, {""name"": ""carrot"", ""quantity"": 1.0, ""serving_unit"": ""nos""}, {""name"": ""tomato"", ""quantity"": 100.0, ""serving_unit"": ""g""}, {""name"": ""zucchini"", ""quantity"": 100.0, ""serving_unit"": ""g""}, {""name"": ""spices"", ""quantity"": 10.0, ""serving_unit"": ""g""}, {""name"": ""chicken"", ""quantity"": 100.0, ""serving_unit"": ""g""}, {""name"": ""lamb"", ""quantity"": 100.0, ""serving_unit"": ""g""}, {""name"": ""olive oil"", ""quantity"": 1.0, ""serving_unit"": ""tbsp""}]",Cook lentils with vegetables and spices. Add chicken or lamb.,dinner,f,83.94,85.42,38.78,28.32,1018.04,12.82,213.00,203.50,2374.50,230.00,47.45
24,Stir-fry noodles ,2,"[{""id"": 14, ""name"": ""beans"", ""quantity"": 100.0, ""serving_unit"": ""g""}, {""id"": 28, ""name"": ""cabbage"", ""quantity"": 100.0, ""serving_unit"": ""g""}, {""id"": 32, ""name"": ""carrot"", ""quantity"": 1.5, ""serving_unit"": ""nos""}, {""id"": 75, ""name"": ""garlic"", ""quantity"": 2.0, ""serving_unit"": ""nos""}, {""id"": 207, ""name"": ""Protein Noodles"", ""quantity"": 300.0, ""serving_unit"": ""g""}, {""id"": 167, ""name"": ""spring onion"", ""quantity"": 20.0, ""serving_unit"": ""g""}]","Stir-fry carrots, beans, spring onion, cabbage. Add tofu or chicken. Serve with rice or noodles.",lunch,f,33.08,103.27,3.98,14.89,576.90,8.25,130.20,222.90,1107.40,163.80,61.04
25,Paneer Paratha with Masala Yogurt,2,"[{""name"": ""paneer"", ""quantity"": 150.0, ""serving_unit"": ""g""}, {""name"": ""chapati flour"", ""quantity"": 160.0, ""serving_unit"": ""g""}, {""name"": ""onion"", ""quantity"": 50.0, ""serving_unit"": ""g""}, {""name"": ""tomato"", ""quantity"": 50.0, ""serving_unit"": ""g""}, {""name"": ""garlic"", ""quantity"": 2.0, ""serving_unit"": ""nos""}, {""name"": ""dry methi leaves"", ""quantity"": 5.0, ""serving_unit"": ""g""}, {""name"": ""green chillies"", ""quantity"": 2.0, ""serving_unit"": ""nos""}, {""name"": ""greek yogurt"", ""quantity"": 100.0, ""serving_unit"": ""g""}, {""name"": ""sunflower oil"", ""quantity"": 10.0, ""serving_unit"": ""ml""}]","Shred paneer, add masala and onions. Stuff in paratha.

Saute onion, tomatoes, add masala. Once cooled, add yogurt. ",dinner,t,52.24,147.70,58.01,7.71,1320.05,8.92,214.00,937.30,1122.50,84.50,84.43
26,Palak Paneer Chappathi,2,"[{""name"": ""paneer"", ""quantity"": 150.0, ""serving_unit"": ""g""}, {""name"": ""spinach"", ""quantity"": 250.0, ""serving_unit"": ""g""}, {""name"": ""chapati flour"", ""quantity"": 160.0, ""serving_unit"": ""g""}, {""name"": ""onion"", ""quantity"": 50.0, ""serving_unit"": ""g""}, {""name"": ""tomato"", ""quantity"": 80.0, ""serving_unit"": ""g""}, {""name"": ""ginger garlic paste"", ""quantity"": 10.0, ""serving_unit"": ""g""}, {""name"": ""spices"", ""quantity"": 5.0, ""serving_unit"": ""g""}, {""name"": ""sunflower oil"", ""quantity"": 10.0, ""serving_unit"": ""ml""}]",Cook spinach and paneer. Serve with chapati.,dinner,t,53.33,152.66,50.55,14.37,1257.42,15.07,400.40,1061.00,2386.60,248.00,86.16
27,Chicken Tikka,2,"[{""name"": ""chicken"", ""quantity"": 300.0, ""serving_unit"": ""g""}, {""name"": ""greek yogurt"", ""quantity"": 120.0, ""serving_unit"": ""g""}, {""name"": ""ginger garlic paste"", ""quantity"": 15.0, ""serving_unit"": ""g""}, {""name"": ""garam masala"", ""quantity"": 5.0, ""serving_unit"": ""g""}, {""name"": ""chilli powder"", ""quantity"": 5.0, ""serving_unit"": ""g""}, {""name"": ""turmeric powder"", ""quantity"": 3.0, ""serving_unit"": ""g""}, {""name"": ""lemon juice"", ""quantity"": 15.0, ""serving_unit"": ""ml""}, {""name"": ""onion"", ""quantity"": 100.0, ""serving_unit"": ""g""}, {""name"": ""tomato"", ""quantity"": 100.0, ""serving_unit"": ""g""}]",Cook chicken tikka with onions and tomatoes. Serve with chapati.,dinner,f,104.37,29.25,26.46,7.08,773.98,6.57,141.89,257.39,1613.98,316.61,31.88
28,Palak Tofu,2,"[{""name"": ""tofu"", ""quantity"": 150.0, ""serving_unit"": ""g""}, {""name"": ""spinach"", ""quantity"": 200.0, ""serving_unit"": ""g""}, {""name"": ""naan"", ""quantity"": 100.0, ""serving_unit"": ""g""}, {""name"": ""orange"", ""quantity"": 150.0, ""serving_unit"": ""g""}, {""name"": ""onion"", ""quantity"": 50.0, ""serving_unit"": ""g""}, {""name"": ""garlic"", ""quantity"": 2.0, ""serving_unit"": ""nos""}, {""name"": ""spices"", ""quantity"": 5.0, ""serving_unit"": ""g""}, {""name"": ""olive oil"", ""quantity"": 1.0, ""serving_unit"": ""tbsp""}]","Cook spinach with tofu curry. Serve with naan, vegetable sabzi, and orange slices.",dinner,t,43.39,87.96,40.73,15.76,832.52,12.77,302.50,875.30,2000.00,524.00,141.98
30,Masala Boiled Eggs,2,"[{""name"": ""egg"", ""quantity"": 2.0, ""serving_unit"": ""nos""}, {""name"": ""chaat masala"", ""quantity"": 2.0, ""serving_unit"": ""g""}, {""name"": ""black salt"", ""quantity"": 1.0, ""serving_unit"": ""g""}]",Sprinkle masala on boiled eggs and serve.,snack,t,12.86,1.44,9.84,0.32,149.78,1.12,7.45,28.50,140.05,744.00,0.10
31,Nut Mix,2,"[{""name"": ""almonds"", ""quantity"": 20.0, ""serving_unit"": ""g""}, {""name"": ""walnuts"", ""quantity"": 20.0, ""serving_unit"": ""g""}, {""name"": ""apple"", ""quantity"": 1.0, ""serving_unit"": ""nos""}]",Serve almonds and walnuts with apple slices.,snack,t,7.28,7.19,23.03,3.86,247.12,1.32,85.65,72.26,235.87,0.61,0.31
32,Hummus & Veggie Sticks,2,"[{""name"": ""hummus"", ""quantity"": 100.0, ""serving_unit"": ""g""}, {""name"": ""cucumber"", ""quantity"": 100.0, ""serving_unit"": ""g""}, {""name"": ""carrot"", ""quantity"": 1.0, ""serving_unit"": ""nos""}, {""name"": ""capsicum"", ""quantity"": 50.0, ""serving_unit"": ""g""}, {""name"": ""grapes"", ""quantity"": 100.0, ""serving_unit"": ""g""}, {""name"": ""melon"", ""quantity"": 100.0, ""serving_unit"": ""g""}]",Serve vegetable sticks with hummus and grapes or melon.,snack,t,11.26,53.69,10.36,11.25,329.00,3.61,117.00,103.00,1160.50,452.50,87.30
33,Cottage Cheese & Berries,2,"[{""name"": ""cottage cheese"", ""quantity"": 100.0, ""serving_unit"": ""g""}, {""name"": ""berries"", ""quantity"": 150.0, ""serving_unit"": ""g""}]",Serve cottage cheese with berries or strawberries.,snack,t,12.07,12.43,4.90,5.70,155.90,0.68,27.50,97.50,329.00,365.50,15.00
37,Veggies & Tzatziki,2,"[{""name"": ""cucumber"", ""quantity"": 200.0, ""serving_unit"": ""g""}, {""name"": ""carrot"", ""quantity"": 1.0, ""serving_unit"": ""nos""}, {""name"": ""capsicum"", ""quantity"": 50.0, ""serving_unit"": ""g""}, {""name"": ""greek yogurt"", ""quantity"": 150.0, ""serving_unit"": ""g""}, {""name"": ""garlic"", ""quantity"": 1.0, ""serving_unit"": ""nos""}, {""name"": ""grapes"", ""quantity"": 100.0, ""serving_unit"": ""g""}]",Serve vegetable sticks with tzatziki and grapes.,snack,t,12.36,41.86,15.70,4.91,336.50,1.52,64.25,242.40,1036.00,112.50,54.34
39,Roasted Chickpeas & Grapes,2,"[{""name"": ""chickpeas"", ""quantity"": 150.0, ""serving_unit"": ""g""}, {""name"": ""grapes"", ""quantity"": 100.0, ""serving_unit"": ""g""}]",Serve roasted chickpeas with grapes.,snack,t,14.01,59.23,4.05,12.30,315.00,4.70,79.00,83.50,627.50,12.50,5.15
46,Puliyar Chutney,2,"[{""name"": ""rice"", ""quantity"": 150.0, ""serving_unit"": ""g""}, {""name"": ""tamarind"", ""quantity"": 30.0, ""serving_unit"": ""g""}, {""name"": ""peanuts"", ""quantity"": 30.0, ""serving_unit"": ""g""}, {""name"": ""spices"", ""quantity"": 10.0, ""serving_unit"": ""g""}]","Cook rice and mix with tamarind, peanuts, and spices. Serve with yogurt.",sides,t,13.66,70.11,16.57,7.55,468.84,3.51,106.00,84.80,532.40,20.30,1.55
47,Salna - Hotel style,2,"[{""name"": ""sunflower oil"", ""quantity"": 30.0, ""serving_unit"": ""ml""}, {""name"": ""onion"", ""quantity"": 200.0, ""serving_unit"": ""g""}, {""name"": ""tomato"", ""quantity"": 250.0, ""serving_unit"": ""g""}, {""name"": ""ginger paste"", ""quantity"": 10.0, ""serving_unit"": ""g""}, {""name"": ""garlic paste"", ""quantity"": 10.0, ""serving_unit"": ""g""}, {""name"": ""green chillies"", ""quantity"": 6.0, ""serving_unit"": ""nos""}, {""name"": ""roasted gram"", ""quantity"": 20.0, ""serving_unit"": ""g""}, {""name"": ""peanuts"", ""quantity"": 15.0, ""serving_unit"": ""g""}, {""name"": ""coconut"", ""quantity"": 50.0, ""serving_unit"": ""g""}, {""name"": ""cardamom"", ""quantity"": 2.0, ""serving_unit"": ""g""}, {""name"": ""cloves"", ""quantity"": 2.0, ""serving_unit"": ""g""}, {""name"": ""cinnamon"", ""quantity"": 2.0, ""serving_unit"": ""g""}, {""name"": ""star anise"", ""quantity"": 1.0, ""serving_unit"": ""g""}, {""name"": ""fennel seeds"", ""quantity"": 3.0, ""serving_unit"": ""g""}, {""name"": ""kalpasi"", ""quantity"": 2.0, ""serving_unit"": ""g""}, {""name"": ""turmeric powder"", ""quantity"": 3.0, ""serving_unit"": ""g""}, {""name"": ""chilli powder"", ""quantity"": 6.0, ""serving_unit"": ""g""}, {""name"": ""jeera powder"", ""quantity"": 3.0, ""serving_unit"": ""g""}, {""name"": ""corriander powder"", ""quantity"": 5.0, ""serving_unit"": ""g""}, {""name"": ""mutton masala"", ""quantity"": 5.0, ""serving_unit"": ""g""}, {""name"": ""garam masala"", ""quantity"": 3.0, ""serving_unit"": ""g""}, {""name"": ""corriander leaves"", ""quantity"": 15.0, ""serving_unit"": ""g""}, {""name"": ""mint leaves"", ""quantity"": 20.0, ""serving_unit"": ""g""}]"," * Prepare the Paste:

   * Combine roasted gram (pottukadalai), peanuts, coconut, cardamom, star anise, a small piece of cinnamon, kalpasi, two cloves, and a little fennel seeds in a blender.

   * Grind these ingredients into a smooth paste.

 * Sauté Aromatics:

   * Heat 150 ml of oil in a large pot.

   * Add two bay leaves, two cloves, two small pieces of cinnamon, a small amount of kalpasi, a small piece of star anise, and four cloves to the hot oil.

   * Add 200 grams of sliced onions and sauté until golden brown.

   * Add one spoon of garlic paste and one spoon of ginger paste, then mix well.

   * Add six green chilies and continue to sauté.

 * Add Spices and Tomatoes:

   * Add half a spoon of turmeric powder, two spoons of chili powder, two spoons of cumin powder, one spoon of coriander powder, two spoons of mutton masala, and one spoon of garam masala.

   * Mix the spices thoroughly with the sautéed ingredients.

   * Add five chopped tomatoes and mix until they soften.

   * Add a little water and salt to taste.

   * Add a small bunch of coriander leaves and a slightly larger amount of mint leaves.

   * Continue to cook until the tomatoes are well mashed and the oil separates.

 * Incorporate the Ground Paste and Finish:

   * Add the previously ground paste to the pot and mix it in.

   * Pour in about 3 liters of water.

   * Check the salt level and adjust if needed.

   * Cover the pot and let it boil for about 10 minutes.

   * Once cooked, garnish with coriander leaves.",lunch,f,18.91,72.84,61.63,29.27,860.58,13.99,225.95,361.74,2220.32,217.27,282.79
48,Overnight rice,2,"[{""name"": ""rice"", ""quantity"": 100.0, ""serving_unit"": ""g""}, {""name"": ""water"", ""quantity"": 1.5, ""serving_unit"": ""cup""}]",Soak rice overnight. ,breakfast,t,2.69,28.17,0.28,0.40,130.00,0.20,12.00,10.00,35.00,1.00,0.00
49,Guacamole with boiled eggs,2,"[{""name"": ""avocado"", ""quantity"": 2.0, ""serving_unit"": ""nos""}, {""name"": ""tomato"", ""quantity"": 1.0, ""serving_unit"": ""nos""}, {""name"": ""onion"", ""quantity"": 0.5, ""serving_unit"": ""nos""}, {""name"": ""cherry tomatoes"", ""quantity"": 8.0, ""serving_unit"": ""nos""}, {""name"": ""kale"", ""quantity"": 50.0, ""serving_unit"": ""g""}, {""name"": ""feta"", ""quantity"": 30.0, ""serving_unit"": ""g""}, {""name"": ""cucumber"", ""quantity"": 100.0, ""serving_unit"": ""g""}, {""name"": ""olives"", ""quantity"": 10.0, ""serving_unit"": ""nos""}, {""name"": ""egg"", ""quantity"": 2.0, ""serving_unit"": ""nos""}, {""name"": ""salmon"", ""quantity"": 100.0, ""serving_unit"": ""g""}, {""name"": ""lime"", ""quantity"": 1.0, ""serving_unit"": ""nos""}]",Toast bread. Mash avocado. Top with onion and tomato. Season with Masala if needed. Have with slice of boiled egg. ,breakfast,t,40.17,11.33,31.07,2.90,482.62,2.40,82.89,335.49,863.58,688.53,51.35
50,Celery soup,2,"[{""name"": ""carrot"", ""quantity"": 1.0, ""serving_unit"": ""nos""}, {""name"": ""celery"", ""quantity"": 100.0, ""serving_unit"": ""g""}, {""name"": ""fried onions"", ""quantity"": 20.0, ""serving_unit"": ""g""}, {""name"": ""garlic"", ""quantity"": 2.0, ""serving_unit"": ""nos""}, {""name"": ""potatoes"", ""quantity"": 150.0, ""serving_unit"": ""g""}, {""name"": ""onion"", ""quantity"": 50.0, ""serving_unit"": ""g""}, {""name"": ""water"", ""quantity"": 2.0, ""serving_unit"": ""cup""}, {""name"": ""vegetable stock"", ""quantity"": 10.0, ""serving_unit"": ""g""}, {""name"": ""butter"", ""quantity"": 10.0, ""serving_unit"": ""g""}]","Pressure cook carrot, celery, potato. Once cooled down, grind it in the mixer. Heat sauce pan, sauté garlic and pour soup. Top with fried onions. ",dinner,t,5.51,50.05,11.85,7.78,317.10,1.51,62.30,104.20,1201.90,265.30,32.58
52,Salad & Pickle,2,"[{""name"": ""cucumber"", ""quantity"": 100.0, ""serving_unit"": ""g""}, {""name"": ""carrot"", ""quantity"": 2.0, ""serving_unit"": ""nos""}, {""name"": ""onion"", ""quantity"": 100.0, ""serving_unit"": ""g""}, {""name"": ""salad tomatoes"", ""quantity"": 100.0, ""serving_unit"": ""g""}, {""name"": ""grapes"", ""quantity"": 100.0, ""serving_unit"": ""g""}, {""name"": ""pomegranate"", ""quantity"": 100.0, ""serving_unit"": ""g""}, {""name"": ""pickle"", ""quantity"": 50.0, ""serving_unit"": ""g""}]",Take one pickle. And a choice of salad vegetables / fruits in a bowl. Have them 30mins before dinner. ,snack,t,6.67,69.19,2.24,13.00,293.00,2.01,78.50,129.50,1495.50,524.50,46.60
53,Mediterranean Lentil & Chickpea salad,2,"[{""name"": ""chickpeas"", ""quantity"": 200.0, ""serving_unit"": ""g""}, {""name"": ""lentils"", ""quantity"": 150.0, ""serving_unit"": ""g""}, {""name"": ""red capsicum"", ""quantity"": 150.0, ""serving_unit"": ""g""}, {""name"": ""red onion"", ""quantity"": 75.0, ""serving_unit"": ""g""}, {""name"": ""baby spinach"", ""quantity"": 100.0, ""serving_unit"": ""g""}, {""name"": ""feta cheese"", ""quantity"": 100.0, ""serving_unit"": ""g""}, {""name"": ""olive oil"", ""quantity"": 2.0, ""serving_unit"": ""tbsp""}, {""name"": ""lemon juice"", ""quantity"": 30.0, ""serving_unit"": ""ml""}, {""name"": ""dried oregano"", ""quantity"": 2.0, ""serving_unit"": ""g""}]","1. In a large bowl, combine chickpeas, lentils, bell pepper, and red onion.

2. Add the baby spinach and gently toss together.

3. In a small bowl, whisk together olive oil, lemon juice, oregano, salt, and pepper.

4. Pour the dressing over the salad and mix well.

5. Top with crumbled feta cheese if using.

6. Serve immediately or refrigerate for up to 24 hours (the flavors will develop nicely).",lunch,t,50.97,112.63,55.12,34.63,1115.40,15.19,279.10,779.99,2237.30,1221.60,241.70
54,Cumin tea,2,"[{""name"": ""cumin seeds"", ""quantity"": 5.0, ""serving_unit"": ""g""}, {""name"": ""ginger"", ""quantity"": 10.0, ""serving_unit"": ""g""}, {""name"": ""lemon"", ""quantity"": 50.0, ""serving_unit"": ""g""}, {""name"": ""water"", ""quantity"": 2.0, ""serving_unit"": ""cup""}]","Soak cumin overnight, boil with ginger and serve with lemon",pre_breakfast,t,2.45,13.87,2.26,5.93,73.25,4.12,100.55,79.55,518.05,19.40,30.89
55,Soaked raisins and nuts,2,"[{""name"": ""almonds"", ""quantity"": 20.0, ""serving_unit"": ""g""}, {""name"": ""fig"", ""quantity"": 40.0, ""serving_unit"": ""g""}, {""name"": ""raisins"", ""quantity"": 20.0, ""serving_unit"": ""g""}]","Soak almonds, fig, raisins overnight. ",pre_breakfast,t,5.14,27.82,10.20,4.40,205.20,1.26,64.80,76.60,375.20,2.80,1.26
56,Overnight rice water,2,"[{""name"": ""rice"", ""quantity"": 100.0, ""serving_unit"": ""g""}, {""name"": ""greek yogurt"", ""quantity"": 100.0, ""serving_unit"": ""g""}, {""name"": ""onion"", ""quantity"": 75.0, ""serving_unit"": ""g""}]",Soak 3 spoons of rice or oats overnight with a 2spoons of yogurt. Have them with onions. ,pre_breakfast,t,9.52,39.18,10.36,1.68,288.00,0.46,30.50,137.25,285.50,39.00,5.55
57,Lemon tea,2,"[{""name"": ""ginger"", ""quantity"": 10.0, ""serving_unit"": ""g""}, {""name"": ""honey"", ""quantity"": 30.0, ""serving_unit"": ""ml""}, {""name"": ""lemon"", ""quantity"": 1.0, ""serving_unit"": ""nos""}, {""name"": ""water"", ""quantity"": 2.0, ""serving_unit"": ""cup""}]",In warm water squeeze half lemon and honey. Ginger is optional ,pre_breakfast,t,1.13,42.29,1.00,4.03,169.89,0.69,50.92,22.86,383.58,11.22,4.73
58,Mint tea ,2,"[{""name"": ""mint leaves"", ""quantity"": 10.0, ""serving_unit"": ""g""}, {""name"": ""ginger"", ""quantity"": 10.0, ""serving_unit"": ""g""}, {""name"": ""lemon"", ""quantity"": 50.0, ""serving_unit"": ""g""}, {""name"": ""water"", ""quantity"": 2.0, ""serving_unit"": ""cup""}]","Boil mint and ginger. Serve with lemon. 

Best to have after meal. ",snack,t,1.93,13.15,1.24,6.20,61.50,1.31,62.00,57.30,474.80,14.10,33.68
59,Ragi idly / dosa,2,"[{""name"": ""ragi flour"", ""quantity"": 100.0, ""serving_unit"": ""g""}, {""name"": ""urad dhal"", ""quantity"": 50.0, ""serving_unit"": ""g""}, {""name"": ""Fenugreek seeds"", ""quantity"": 2.0, ""serving_unit"": ""tsp""}]",Soak urad dhal for 5 hours. Grind it with ragi ,breakfast,t,22.33,106.00,2.36,21.95,522.76,10.18,339.00,454.00,991.50,35.00,0.00
60,Peanut protein chutney,2,"[{""name"": ""peanuts"", ""quantity"": 50.0, ""serving_unit"": ""g""}, {""name"": ""split peas"", ""quantity"": 30.0, ""serving_unit"": ""g""}, {""name"": ""coconut"", ""quantity"": 50.0, ""serving_unit"": ""g""}, {""name"": ""curry leaves"", ""quantity"": 5.0, ""serving_unit"": ""g""}, {""name"": ""green chillies"", ""quantity"": 4.0, ""serving_unit"": ""nos""}, {""name"": ""tamarind"", ""quantity"": 20.0, ""serving_unit"": ""g""}, {""name"": ""sunflower oil"", ""quantity"": 5.0, ""serving_unit"": ""ml""}]",Roast all ingredients (except curry leaves) on a pan and grind it for chutney. Tadka with curry leaves. Use less oil. ,sides,t,23.20,48.04,46.88,18.29,665.00,6.79,151.50,125.40,1086.20,32.60,146.60
61,Vit-C boost snack box,2,"[{""name"": ""capsicum"", ""quantity"": 100.0, ""serving_unit"": ""g""}, {""name"": ""guava"", ""quantity"": 100.0, ""serving_unit"": ""g""}, {""name"": ""kiwi"", ""quantity"": 100.0, ""serving_unit"": ""g""}, {""name"": ""orange"", ""quantity"": 100.0, ""serving_unit"": ""g""}, {""name"": ""papaya"", ""quantity"": 100.0, ""serving_unit"": ""g""}, {""name"": ""pineapple"", ""quantity"": 100.0, ""serving_unit"": ""g""}, {""name"": ""strawberry"", ""quantity"": 100.0, ""serving_unit"": ""g""}]",Choice of snack for a day. Have BEFORE your meal to increase iron absorption. ,snack,t,7.21,76.95,2.47,17.60,321.00,1.96,116.00,151.00,1529.00,18.00,622.10
62,Makhana Salad bowl,2,"[{""name"": ""cheddar cheese"", ""quantity"": 50.0, ""serving_unit"": ""g""}, {""name"": ""chicken"", ""quantity"": 100.0, ""serving_unit"": ""g""}, {""name"": ""chickpeas"", ""quantity"": 100.0, ""serving_unit"": ""g""}, {""name"": ""corn"", ""quantity"": 100.0, ""serving_unit"": ""g""}, {""name"": ""green chillies"", ""quantity"": 2.0, ""serving_unit"": ""nos""}, {""name"": ""lettuce"", ""quantity"": 100.0, ""serving_unit"": ""g""}, {""name"": ""makana"", ""quantity"": 50.0, ""serving_unit"": ""g""}, {""name"": ""mint leaves"", ""quantity"": 20.0, ""serving_unit"": ""g""}, {""name"": ""onion"", ""quantity"": 50.0, ""serving_unit"": ""g""}, {""name"": ""pickled courgette"", ""quantity"": 50.0, ""serving_unit"": ""g""}, {""name"": ""radishes"", ""quantity"": 50.0, ""serving_unit"": ""g""}]","* Boil chickpeas, chicken, and corn separately.
 * Prepare the dressing by combining makana, mint, green chilies, cheddar cheese, and yogurt.
 * Combine chickpeas, chicken, corn, lettuce, radishes, chopped onions and pickled courgette.
 * Mix in the dressing.",dinner,t,63.83,104.02,24.88,22.40,877.00,8.76,190.00,554.10,1566.60,747.70,101.56
64,Kefir drink,2,"[{""name"": ""kefir"", ""quantity"": 560.0, ""serving_unit"": ""ml""}, {""name"": ""asafoetida"", ""quantity"": 1.0, ""serving_unit"": ""g""}, {""name"": ""black salt"", ""quantity"": 1.0, ""serving_unit"": ""g""}, {""name"": ""water"", ""quantity"": 1.0, ""serving_unit"": ""cup""}]",Mix in a glass of water. ,pre_breakfast,t,19.69,26.50,16.27,0.06,333.88,0.65,67.45,672.95,840.45,604.00,0.00
65,Chapati ,2,"[{""name"": ""chapati flour"", ""quantity"": 160.0, ""serving_unit"": ""g""}, {""name"": ""water"", ""quantity"": 100.0, ""serving_unit"": ""ml""}, {""name"": ""salt"", ""quantity"": 1.0, ""serving_unit"": ""g""}, {""name"": ""sunflower oil"", ""quantity"": 5.0, ""serving_unit"": ""ml""}]","Mix all, knead dough, keep it aside for 20mins. And make chapatis",dinner,t,15.52,125.28,7.24,5.44,606.60,7.04,144.02,56.24,504.08,395.58,0.00
67,Bhaji style gravy ,2,"[{""name"": ""potatoes"", ""quantity"": 300.0, ""serving_unit"": ""g""}, {""name"": ""cauliflower"", ""quantity"": 100.0, ""serving_unit"": ""g""}, {""name"": ""capsicum"", ""quantity"": 50.0, ""serving_unit"": ""g""}, {""name"": ""carrot"", ""quantity"": 1.0, ""serving_unit"": ""nos""}, {""name"": ""peas"", ""quantity"": 50.0, ""serving_unit"": ""g""}, {""name"": ""tomato"", ""quantity"": 150.0, ""serving_unit"": ""g""}, {""name"": ""onion"", ""quantity"": 100.0, ""serving_unit"": ""g""}, {""name"": ""butter"", ""quantity"": 25.0, ""serving_unit"": ""g""}, {""name"": ""ginger garlic paste"", ""quantity"": 10.0, ""serving_unit"": ""g""}, {""name"": ""chilli powder"", ""quantity"": 5.0, ""serving_unit"": ""g""}, {""name"": ""corriander powder"", ""quantity"": 5.0, ""serving_unit"": ""g""}, {""name"": ""gram masala"", ""quantity"": 5.0, ""serving_unit"": ""g""}, {""name"": ""jeera powder"", ""quantity"": 3.0, ""serving_unit"": ""g""}, {""name"": ""chaat masala"", ""quantity"": 3.0, ""serving_unit"": ""g""}, {""name"": ""salt"", ""quantity"": 1.0, ""serving_unit"": ""g""}]","Pressure cook all vegetables and mash them. 
In a pan, add some butter and chopped onions. Fry until brown and add ginger garlic paste. Once cooked, add all masala and cook for some more time. Add butter. Then tomatoes. Once cooked, add mashed veggies. Cook till it becomes dry and brown. Serve with butter, lemon, chopped raw onions and chaat masala on top. 
",sides,t,17.26,109.33,26.26,22.91,695.09,7.50,195.95,233.62,2732.56,1065.82,184.59
68,Aval upma & Eggs,2,"[{""name"": ""aval"", ""quantity"": 120.0, ""serving_unit"": ""g""}, {""name"": ""beans"", ""quantity"": 50.0, ""serving_unit"": ""g""}, {""name"": ""carrot"", ""quantity"": 1.0, ""serving_unit"": ""nos""}, {""name"": ""egg"", ""quantity"": 2.0, ""serving_unit"": ""nos""}, {""name"": ""green chillies"", ""quantity"": 2.0, ""serving_unit"": ""nos""}, {""name"": ""olive oil"", ""quantity"": 1.5, ""serving_unit"": ""tbsp""}, {""name"": ""onion"", ""quantity"": 100.0, ""serving_unit"": ""g""}, {""name"": ""peanuts"", ""quantity"": 30.0, ""serving_unit"": ""g""}, {""name"": ""corriander leaves"", ""quantity"": 10.0, ""serving_unit"": ""g""}]","Saute asusual and add chopped beans and carrot. When cooked, add chopped onions. 
Meanwhile wash aval and dry it in a plate. When onion is still mildly crunchy, add aval. Add sautéd peanuts and serve with corriander leaves toppings. 
Try to include olive oil, lemon juice. 
Serve with boiled egg",breakfast,t,34.13,117.17,46.27,10.23,987.80,11.68,132.70,157.60,1097.10,206.00,92.60
69,Toast and Baked beans,2,"[{""name"": ""baked beans"", ""quantity"": 400.0, ""serving_unit"": ""g""}, {""name"": ""bread"", ""quantity"": 4.0, ""serving_unit"": ""nos""}, {""name"": ""butter"", ""quantity"": 15.0, ""serving_unit"": ""g""}]",Cook baked beans can with spices you like. Toast the bread. Serve with butter.,breakfast,t,37.14,184.42,19.77,21.60,1015.55,8.40,200.30,271.60,1359.60,2364.45,1.20
70,Brussel sprouts + brown rice / quinoa ,2,"[{""name"": ""brussel sprouts"", ""quantity"": 150.0, ""serving_unit"": ""g""}, {""name"": ""quinoa"", ""quantity"": 80.0, ""serving_unit"": ""g""}, {""name"": ""brown rice"", ""quantity"": 80.0, ""serving_unit"": ""g""}, {""name"": ""black beans"", ""quantity"": 100.0, ""serving_unit"": ""g""}, {""name"": ""feta cheese"", ""quantity"": 60.0, ""serving_unit"": ""g""}, {""name"": ""spinach"", ""quantity"": 100.0, ""serving_unit"": ""g""}, {""name"": ""garlic"", ""quantity"": 2.0, ""serving_unit"": ""nos""}, {""name"": ""lemon juice"", ""quantity"": 20.0, ""serving_unit"": ""ml""}, {""name"": ""olive oil"", ""quantity"": 2.0, ""serving_unit"": ""tbsp""}, {""name"": ""capsicum"", ""quantity"": 50.0, ""serving_unit"": ""g""}]","Cook all separate and mix. Add za'atar for seasoning. Have a fruit before the meal. 
Have with chicken for M",lunch,t,45.05,124.66,44.54,27.46,1042.70,11.81,386.40,613.80,3000.00,802.60,205.41
71,Clear veg soup,2,"[{""name"": ""beans"", ""quantity"": 80.0, ""serving_unit"": ""g""}, {""name"": ""carrot"", ""quantity"": 1.0, ""serving_unit"": ""nos""}, {""name"": ""onion"", ""quantity"": 50.0, ""serving_unit"": ""g""}, {""name"": ""garlic"", ""quantity"": 2.0, ""serving_unit"": ""nos""}, {""name"": ""vegetable stock"", ""quantity"": 15.0, ""serving_unit"": ""g""}, {""name"": ""water"", ""quantity"": 4.0, ""serving_unit"": ""cup""}]",With chicken stock,dinner,t,3.10,19.61,0.46,5.63,85.55,1.27,35.80,77.65,511.80,119.80,19.74
72,Aubergine - Turkish version,2,"[{""name"": ""aubergine"", ""quantity"": 300.0, ""serving_unit"": ""g""}, {""name"": ""capsicum"", ""quantity"": 100.0, ""serving_unit"": ""g""}, {""name"": ""feta cheese"", ""quantity"": 100.0, ""serving_unit"": ""g""}, {""name"": ""kale"", ""quantity"": 50.0, ""serving_unit"": ""g""}, {""name"": ""olive oil"", ""quantity"": 2.0, ""serving_unit"": ""tbsp""}, {""name"": ""salmon"", ""quantity"": 150.0, ""serving_unit"": ""g""}, {""name"": ""parsley"", ""quantity"": 10.0, ""serving_unit"": ""g""}]","Saute aubergine, capsicum separately in olive oil. Add chopped parsley and kale. Top with chopped feta cheese. 
Saute salmon for Manoj
Use lemon as dressing. ",dinner,t,51.00,31.40,69.27,12.83,929.60,3.07,144.50,675.30,1697.90,1223.10,147.00
73,Sautéd Broccoli + Pasta,2,"[{""name"": ""broccoli"", ""quantity"": 250.0, ""serving_unit"": ""g""}, {""name"": ""pasta"", ""quantity"": 160.0, ""serving_unit"": ""g""}, {""name"": ""cucumber"", ""quantity"": 100.0, ""serving_unit"": ""g""}, {""name"": ""balsamic vinegar"", ""quantity"": 1.5, ""serving_unit"": ""tbsp""}, {""name"": ""olive oil"", ""quantity"": 1.0, ""serving_unit"": ""tbsp""}, {""name"": ""garlic"", ""quantity"": 2.0, ""serving_unit"": ""nos""}]",Saute broccoli. Boiled pasta with chicken stock. Dress with Balsamic vinegar. Eat with cucumber slices ,dinner,t,28.95,141.96,16.99,12.24,822.92,7.50,151.98,181.51,1257.08,93.85,227.68
74,Lentil stew,2,"[{""name"": ""lentils"", ""quantity"": 150.0, ""serving_unit"": ""g""}, {""name"": ""broccoli"", ""quantity"": 100.0, ""serving_unit"": ""g""}, {""name"": ""carrot"", ""quantity"": 1.0, ""serving_unit"": ""nos""}, {""name"": ""beans"", ""quantity"": 75.0, ""serving_unit"": ""g""}, {""name"": ""chicken"", ""quantity"": 150.0, ""serving_unit"": ""g""}, {""name"": ""onion"", ""quantity"": 50.0, ""serving_unit"": ""g""}]",Saute all veggies. \nPressure cook lentils\nMix all. \nServe with chopped corriander. ,dinner,f,65.48,53.96,6.74,19.80,529.75,8.33,151.25,162.25,1724.75,205.50,108.70
75,Fruits and yogurt ,2,"[{""name"": ""apple"", ""quantity"": 150.0, ""serving_unit"": ""g""}, {""name"": ""banana"", ""quantity"": 120.0, ""serving_unit"": ""g""}, {""name"": ""kiwi"", ""quantity"": 100.0, ""serving_unit"": ""g""}, {""name"": ""pineapple"", ""quantity"": 100.0, ""serving_unit"": ""g""}, {""name"": ""orange"", ""quantity"": 150.0, ""serving_unit"": ""g""}, {""name"": ""greek yogurt"", ""quantity"": 150.0, ""serving_unit"": ""g""}]",Choice of fruits with yogurt. ,snack,t,13.86,99.47,16.52,14.72,558.30,1.38,106.40,287.00,1494.10,59.20,237.64
76,Mediterranean Chicken & Chickpea Bowl,2,"[{""name"": ""couscous"", ""quantity"": 100.0, ""serving_unit"": ""g""}, {""name"": ""capsicum"", ""quantity"": 50.0, ""serving_unit"": ""g""}, {""name"": ""onion"", ""quantity"": 50.0, ""serving_unit"": ""g""}, {""name"": ""spinach"", ""quantity"": 50.0, ""serving_unit"": ""g""}, {""name"": ""tomato"", ""quantity"": 100.0, ""serving_unit"": ""g""}, {""name"": ""chickpeas"", ""quantity"": 150.0, ""serving_unit"": ""g""}, {""name"": ""chicken breast"", ""quantity"": 240.0, ""serving_unit"": ""g""}, {""name"": ""lemon juice"", ""quantity"": 15.0, ""serving_unit"": ""ml""}, {""name"": ""olive oil"", ""quantity"": 1.0, ""serving_unit"": ""tbsp""}]","Base of wholewheat couscous, peppers, onions, spinach, tomatoes, chickpeas. Topped with 120g grilled chicken breast or feta cheese",lunch,f,94.90,78.03,26.77,16.85,935.80,9.02,212.30,194.40,1800.70,246.25,79.40
77,Hearty Lentil & Sweet Potato Shepherd's pie,2,"[{""name"": ""sweet potatoes"", ""quantity"": 400.0, ""serving_unit"": ""g""}, {""name"": ""milk"", ""quantity"": 100.0, ""serving_unit"": ""ml""}, {""name"": ""butter"", ""quantity"": 15.0, ""serving_unit"": ""g""}, {""name"": ""onion"", ""quantity"": 100.0, ""serving_unit"": ""g""}, {""name"": ""carrot"", ""quantity"": 1.0, ""serving_unit"": ""nos""}, {""name"": ""celery"", ""quantity"": 50.0, ""serving_unit"": ""g""}, {""name"": ""garlic"", ""quantity"": 2.0, ""serving_unit"": ""nos""}, {""name"": ""lentils"", ""quantity"": 150.0, ""serving_unit"": ""g""}, {""name"": ""tomato"", ""quantity"": 150.0, ""serving_unit"": ""g""}, {""name"": ""vegetable stock"", ""quantity"": 200.0, ""serving_unit"": ""ml""}, {""name"": ""soy sauce"", ""quantity"": 15.0, ""serving_unit"": ""ml""}, {""name"": ""green beans"", ""quantity"": 100.0, ""serving_unit"": ""g""}]","1. Boil the sweet potatoes until tender, then mash with milk and oil/butter. 
2. Sauté onion, carrots, and celery until softened. Add garlic. 
3. Stir in the rinsed lentils, chopped tomatoes, vegetable stock, herbs, and soy sauce. Simmer for 30-40 minutes until lentils are tender. 
4. Preheat oven to 200°C. 
5. Spoon the lentil mixture into an ovenproof dish and top with the mashed sweet potato. 
6. Bake for 20-25 minutes until golden brown. Serve with steamed green vegetables.",dinner,t,30.57,153.49,17.80,34.89,865.50,10.07,244.50,424.85,3771.40,2020.90,128.63
78,Tofu & Black Bean Burrito Bowl,2,"[{""name"": ""brown rice"", ""quantity"": 150.0, ""serving_unit"": ""g""}, {""name"": ""black beans"", ""quantity"": 200.0, ""serving_unit"": ""g""}, {""name"": ""sweetcorn"", ""quantity"": 150.0, ""serving_unit"": ""g""}, {""name"": ""lettuce"", ""quantity"": 100.0, ""serving_unit"": ""g""}, {""name"": ""avocado"", ""quantity"": 1.0, ""serving_unit"": ""nos""}, {""name"": ""tomato salsa"", ""quantity"": 150.0, ""serving_unit"": ""g""}, {""name"": ""greek yogurt"", ""quantity"": 60.0, ""serving_unit"": ""g""}, {""name"": ""fresh coriander"", ""quantity"": 10.0, ""serving_unit"": ""g""}, {""name"": ""lime"", ""quantity"": 1.0, ""serving_unit"": ""nos""}, {""name"": ""tofu"", ""quantity"": 150.0, ""serving_unit"": ""g""}, {""name"": ""chicken breast"", ""quantity"": 150.0, ""serving_unit"": ""g""}, {""name"": ""smoked paprika"", ""quantity"": 2.0, ""serving_unit"": ""g""}, {""name"": ""jeera powder"", ""quantity"": 2.0, ""serving_unit"": ""g""}, {""name"": ""olive oil"", ""quantity"": 2.0, ""serving_unit"": ""tbsp""}]","1. Prepare the protein. In separate bowls, toss the tofu and the chicken with their respective seasonings. 
2. Cook the chicken strips until golden and cooked through. Pan-fry the tofu cubes until golden and crisp. 
3. Assemble the bowls. Divide the cooked brown rice between two bowls. Arrange the shared ingredients around the rice. 
4. Top the vegetarian bowl with the crispy tofu and the omnivore bowl with the grilled chicken. 
5. Finish each bowl with salsa, Greek yogurt, coriander, and a squeeze of lime.",lunch,f,132.40,214.86,62.65,44.54,1894.38,19.73,621.89,941.37,4906.37,491.71,23.23
79,Briyani,2,"[{""name"": ""rice"", ""quantity"": 180.0, ""serving_unit"": ""g""}, {""name"": ""chicken"", ""quantity"": 300.0, ""serving_unit"": ""g""}, {""name"": ""greek yogurt"", ""quantity"": 100.0, ""serving_unit"": ""g""}, {""name"": ""onion"", ""quantity"": 150.0, ""serving_unit"": ""g""}, {""name"": ""tomato"", ""quantity"": 100.0, ""serving_unit"": ""g""}, {""name"": ""ginger garlic paste"", ""quantity"": 15.0, ""serving_unit"": ""g""}, {""name"": ""garam masala"", ""quantity"": 5.0, ""serving_unit"": ""g""}, {""name"": ""turmeric powder"", ""quantity"": 3.0, ""serving_unit"": ""g""}, {""name"": ""chilli powder"", ""quantity"": 5.0, ""serving_unit"": ""g""}, {""name"": ""mint leaves"", ""quantity"": 15.0, ""serving_unit"": ""g""}, {""name"": ""fresh coriander"", ""quantity"": 15.0, ""serving_unit"": ""g""}, {""name"": ""bay leaves"", ""quantity"": 2.0, ""serving_unit"": ""nos""}, {""name"": ""cardamom"", ""quantity"": 2.0, ""serving_unit"": ""g""}, {""name"": ""cloves"", ""quantity"": 2.0, ""serving_unit"": ""g""}, {""name"": ""cinnamon"", ""quantity"": 2.0, ""serving_unit"": ""g""}, {""name"": ""star anise"", ""quantity"": 1.0, ""serving_unit"": ""g""}, {""name"": ""fennel seeds"", ""quantity"": 2.0, ""serving_unit"": ""g""}, {""name"": ""cumin seeds"", ""quantity"": 3.0, ""serving_unit"": ""g""}, {""name"": ""butter"", ""quantity"": 15.0, ""serving_unit"": ""g""}, {""name"": ""lemon juice"", ""quantity"": 15.0, ""serving_unit"": ""ml""}, {""name"": ""water"", ""quantity"": 2.0, ""serving_unit"": ""cup""}]",cook,lunch,f,111.03,93.78,38.95,13.83,1162.04,11.15,228.30,408.18,2014.94,434.51,45.11
80,Garlic bread,2,"[{""name"": ""bread"", ""quantity"": 4.0, ""serving_unit"": ""nos""}, {""name"": ""garlic"", ""quantity"": 4.0, ""serving_unit"": ""nos""}, {""name"": ""butter"", ""quantity"": 20.0, ""serving_unit"": ""g""}, {""name"": ""olive oil"", ""quantity"": 1.0, ""serving_unit"": ""tbsp""}]","Bake garlic in olive oil.
Use garlic as spread",breakfast,t,18.94,104.02,35.80,5.44,812.40,2.60,27.40,86.40,192.80,710.60,3.76
81,Green gram dosa/idly,2,"[{""name"": ""Green moong dhal"", ""quantity"": 2.0, ""serving_unit"": ""cup""}, {""name"": ""ragi flour"", ""quantity"": 40.0, ""serving_unit"": ""g""}, {""name"": ""spinach"", ""quantity"": 200.0, ""serving_unit"": ""g""}, {""name"": ""green chillies"", ""quantity"": 3.0, ""serving_unit"": ""nos""}, {""name"": ""corriander leaves"", ""quantity"": 10.0, ""serving_unit"": ""g""}]","Blend soaked dhal with spinach, ragi, corriander leaves, green chillies. Saute cumin seeds and mix with the batter. 
You make the batter idly / dosa. 
Serve with coconut chutney.",breakfast,t,105.24,289.15,6.09,73.38,1570.60,34.67,1003.60,884.30,6423.30,228.50,186.10
82,Creamy orange smoothie,2,"[{""name"": ""banana"", ""quantity"": 300.0, ""serving_unit"": ""g""}, {""name"": ""greek yogurt"", ""quantity"": 80.0, ""serving_unit"": ""g""}, {""name"": ""mint leaves"", ""quantity"": 30.0, ""serving_unit"": ""g""}, {""name"": ""orange"", ""quantity"": 350.0, ""serving_unit"": ""g""}, {""name"": ""nuts"", ""quantity"": 20.0, ""serving_unit"": ""g""}]","Blend them and top it with nuts. 
Serves 1. Double the quantity for two. ",breakfast,t,16.52,121.47,20.53,19.94,676.30,3.48,212.80,341.90,2075.70,43.30,221.84
83,Millet Ponghal,2,"[{""name"": ""Kambhu"", ""quantity"": 120.0, ""serving_unit"": ""g""}, {""name"": ""moong dal"", ""quantity"": 60.0, ""serving_unit"": ""g""}, {""name"": ""water"", ""quantity"": 3.5, ""serving_unit"": ""cup""}, {""name"": ""butter"", ""quantity"": 15.0, ""serving_unit"": ""g""}, {""name"": ""cumin seeds"", ""quantity"": 5.0, ""serving_unit"": ""g""}, {""name"": ""black pepper"", ""quantity"": 2.0, ""serving_unit"": ""g""}, {""name"": ""curry leaves"", ""quantity"": 5.0, ""serving_unit"": ""g""}, {""name"": ""green chillies"", ""quantity"": 2.0, ""serving_unit"": ""nos""}, {""name"": ""ginger"", ""quantity"": 10.0, ""serving_unit"": ""g""}, {""name"": ""asafoetida"", ""quantity"": 0.5, ""serving_unit"": ""g""}, {""name"": ""cashew nuts"", ""quantity"": 10.0, ""serving_unit"": ""g""}, {""name"": ""salt"", ""quantity"": 1.0, ""serving_unit"": ""g""}]","Pressure cook millet and dhal with salt. 
Saute with cumin seeds, curry leaves, green chillies. 
Serve with coconut chutney and sliced carrots and cucumber. ",breakfast,t,32.93,134.03,25.39,29.07,877.16,18.88,401.19,254.58,1839.61,535.93,79.57
84,Vegetable pastry,2,"[{""name"": ""wheat flour"", ""quantity"": 100.0, ""serving_unit"": ""g""}, {""name"": ""butter"", ""quantity"": 20.0, ""serving_unit"": ""g""}, {""name"": ""potatoes"", ""quantity"": 200.0, ""serving_unit"": ""g""}, {""name"": ""onion"", ""quantity"": 50.0, ""serving_unit"": ""g""}, {""name"": ""carrot"", ""quantity"": 1.0, ""serving_unit"": ""nos""}, {""name"": ""peas"", ""quantity"": 50.0, ""serving_unit"": ""g""}, {""name"": ""green chillies"", ""quantity"": 2.0, ""serving_unit"": ""nos""}, {""name"": ""egg"", ""quantity"": 1.0, ""serving_unit"": ""nos""}, {""name"": ""sunflower oil"", ""quantity"": 10.0, ""serving_unit"": ""ml""}]","Cook veggie masala for stuffing. And stuff into the pastry sheet. 
Apply egg on pastries before baking. ",breakfast,t,27.65,132.75,34.17,20.30,912.90,6.12,222.00,121.40,1695.80,258.10,126.10
85,Sweet potato chaat,2,"[{""name"": ""sweet potatoes"", ""quantity"": 300.0, ""serving_unit"": ""g""}, {""name"": ""cherry tomatoes"", ""quantity"": 150.0, ""serving_unit"": ""g""}, {""name"": ""cucumber"", ""quantity"": 150.0, ""serving_unit"": ""g""}, {""name"": ""black pepper"", ""quantity"": 2.0, ""serving_unit"": ""g""}, {""name"": ""chaat masala"", ""quantity"": 3.0, ""serving_unit"": ""g""}, {""name"": ""lemon juice"", ""quantity"": 20.0, ""serving_unit"": ""ml""}, {""name"": ""onion"", ""quantity"": 50.0, ""serving_unit"": ""g""}]",Mix all,dinner,t,8.33,81.65,1.44,14.35,357.59,3.13,124.32,163.26,2077.48,481.10,95.13
86,Glass of ACV,2,"[{""name"": ""Apple cider vinegar"", ""quantity"": 2.0, ""serving_unit"": ""tbsp""}, {""name"": ""water"", ""quantity"": 2.0, ""serving_unit"": ""cup""}]",Mix and drink before heavy meal,snack,t,0.00,0.28,0.00,0.00,6.00,0.06,1.40,3.40,22.00,1.60,0.00
87,Khambu dosa,2,"[{""name"": ""pearl millet"", ""quantity"": 80.0, ""serving_unit"": ""g""}, {""name"": ""rava"", ""quantity"": 30.0, ""serving_unit"": ""g""}, {""name"": ""wheat flour"", ""quantity"": 30.0, ""serving_unit"": ""g""}, {""name"": ""green chillies"", ""quantity"": 3.0, ""serving_unit"": ""nos""}, {""name"": ""water"", ""quantity"": 4.0, ""serving_unit"": ""cup""}]",Mix all and use the batter for dosa ,dinner,t,16.66,98.81,4.99,13.72,498.20,8.36,164.50,54.90,547.40,16.00,108.00
88,Lentil Tofu (baked) salad,2,"[{""name"": ""almonds"", ""quantity"": 8.0, ""serving_unit"": ""g""}, {""name"": ""capsicum"", ""quantity"": 100.0, ""serving_unit"": ""g""}, {""name"": ""chickpeas"", ""quantity"": 150.0, ""serving_unit"": ""g""}, {""name"": ""corn"", ""quantity"": 150.0, ""serving_unit"": ""g""}, {""name"": ""corriander leaves"", ""quantity"": 10.0, ""serving_unit"": ""g""}, {""name"": ""garlic"", ""quantity"": 4.0, ""serving_unit"": ""nos""}, {""name"": ""ginger"", ""quantity"": 2.0, ""serving_unit"": ""nos""}, {""name"": ""greek yogurt"", ""quantity"": 80.0, ""serving_unit"": ""g""}, {""name"": ""green chillies"", ""quantity"": 4.0, ""serving_unit"": ""nos""}, {""name"": ""lemon juice"", ""quantity"": 20.0, ""serving_unit"": ""ml""}, {""name"": ""mint leaves"", ""quantity"": 20.0, ""serving_unit"": ""g""}, {""name"": ""onion"", ""quantity"": 40.0, ""serving_unit"": ""g""}, {""name"": ""quinoa"", ""quantity"": 40.0, ""serving_unit"": ""g""}, {""name"": ""tofu"", ""quantity"": 200.0, ""serving_unit"": ""g""}, {""name"": ""walnuts"", ""quantity"": 10.0, ""serving_unit"": ""g""}]","Soak (any lentil) example, splitted chickpea overnight. Grind it next day with garlic, mint leaves, ginger, and coriander leaves. Add tofu and grind mildly. Make it into small balls and bake in oven / air fryer for 25-30 minutes at 185°C. 
Now chop capsicum, onion, corn and soak them in vinegar and lemon juice for a while. 
Cook quinoa and add baked lentil Tofu balls in the same bowl. Now add vegetables and gently mix. 

Recipe serves 2. ",dinner,t,66.46,112.19,43.67,28.16,1026.82,14.21,358.00,1012.94,2183.34,78.68,259.24
89,Oats idly,2,"[{""id"": 53, ""name"": ""corriander leaves"", ""quantity"": 5.0, ""serving_unit"": ""g""}, {""id"": 82, ""name"": ""greek yogurt"", ""quantity"": 50.0, ""serving_unit"": ""g""}, {""id"": 118, ""name"": ""oats"", ""quantity"": 100.0, ""serving_unit"": ""g""}, {""id"": 203, ""name"": ""rava"", ""quantity"": 50.0, ""serving_unit"": ""g""}]","Roast oats and rava on low heat. Once cooled down, grind and add water and yogurt. Let it soak for 30mins, then pour batter in idly mould. Steam it for 15-20 mins. ",lunch,t,25.20,105.85,12.35,12.69,618.15,5.48,207.30,120.85,583.05,22.30,1.35
90,Bitter gourd gravy,2,"[{""name"": ""bitter gourd"", ""quantity"": 3.0, ""serving_unit"": ""nos""}, {""name"": ""fresh coriander"", ""quantity"": 20.0, ""serving_unit"": ""g""}, {""name"": ""onion"", ""quantity"": 100.0, ""serving_unit"": ""g""}, {""name"": ""tomato"", ""quantity"": 80.0, ""serving_unit"": ""g""}, {""name"": ""ginger garlic paste"", ""quantity"": 10.0, ""serving_unit"": ""g""}, {""name"": ""chilli powder"", ""quantity"": 3.0, ""serving_unit"": ""g""}, {""name"": ""turmeric powder"", ""quantity"": 2.0, ""serving_unit"": ""g""}, {""name"": ""sunflower oil"", ""quantity"": 10.0, ""serving_unit"": ""g""}, {""name"": ""salt"", ""quantity"": 1.0, ""serving_unit"": ""g""}]","Saute onion, ginger garlic paste, tomato. Chop bitter gourd and add it to the gravy. Serve with chapathi and cucumber. ",lunch,t,6.82,31.61,12.73,15.10,240.10,3.95,92.88,84.20,1655.42,447.81,326.70
91,Cauliflower rice ,2,"[{""name"": ""cauliflower"", ""quantity"": 500.0, ""serving_unit"": ""g""}, {""name"": ""corriander leaves"", ""quantity"": 10.0, ""serving_unit"": ""g""}, {""name"": ""lemon juice"", ""quantity"": 20.0, ""serving_unit"": ""ml""}, {""name"": ""onion"", ""quantity"": 70.0, ""serving_unit"": ""g""}, {""name"": ""parsley"", ""quantity"": 10.0, ""serving_unit"": ""g""}, {""name"": ""red capsicum"", ""quantity"": 50.0, ""serving_unit"": ""g""}, {""name"": ""spring onion"", ""quantity"": 20.0, ""serving_unit"": ""g""}, {""name"": ""tomato"", ""quantity"": 50.0, ""serving_unit"": ""g""}, {""name"": ""cucumber"", ""quantity"": 100.0, ""serving_unit"": ""g""}]","Grind cauliflower coarse for base. 
Then add chopped cucumber, tomato, onion, parsley, corrainder leaves, spring onion in lemon juice and vinegar. Then mix cauliflower rice with the veggies. ",lunch,t,12.91,43.92,2.05,14.54,209.20,3.99,119.40,179.90,2138.50,170.50,347.17
92,Spicy quinoa porridge ,2,"[{""name"": ""almonds"", ""quantity"": 6.0, ""serving_unit"": ""g""}, {""name"": ""carrot"", ""quantity"": 0.5, ""serving_unit"": ""nos""}, {""name"": ""corn"", ""quantity"": 50.0, ""serving_unit"": ""g""}, {""name"": ""peas"", ""quantity"": 50.0, ""serving_unit"": ""g""}, {""name"": ""quinoa"", ""quantity"": 80.0, ""serving_unit"": ""g""}, {""name"": ""spinach"", ""quantity"": 80.0, ""serving_unit"": ""g""}]","Saute quinoa, veggies, and make it in a porridge consistency. Add sumac, green chillies for flavour. ",dinner,t,11.84,42.55,5.89,9.85,253.14,4.69,164.60,136.08,978.98,97.86,47.43
93,Kovakkai Gravy,2,"[{""name"": ""Ivy gourd (kovakkai)"", ""quantity"": 250.0, ""serving_unit"": ""g""}, {""name"": ""onion"", ""quantity"": 100.0, ""serving_unit"": ""g""}, {""name"": ""coconut"", ""quantity"": 20.0, ""serving_unit"": ""g""}, {""name"": ""ginger garlic paste"", ""quantity"": 10.0, ""serving_unit"": ""g""}, {""name"": ""chilli powder"", ""quantity"": 3.0, ""serving_unit"": ""g""}, {""name"": ""corriander powder"", ""quantity"": 3.0, ""serving_unit"": ""g""}, {""name"": ""turmeric powder"", ""quantity"": 2.0, ""serving_unit"": ""g""}, {""name"": ""green chillies"", ""quantity"": 2.0, ""serving_unit"": ""nos""}, {""name"": ""curry leaves"", ""quantity"": 2.0, ""serving_unit"": ""g""}, {""name"": ""sunflower oil"", ""quantity"": 10.0, ""serving_unit"": ""g""}, {""name"": ""salt"", ""quantity"": 1.0, ""serving_unit"": ""g""}]","Add oil in a pan. Add bay leaves and cumin seeds to saute. Now add onions. Once cooked, add ginger garlic paste. 
Then add kovakkai. Add some water. Add green chillies, red chilli powder, corriander powder. Once cooked add grinded coconut paste. ",sides,t,6.45,29.28,19.37,14.24,290.00,6.99,90.00,189.47,990.03,436.09,120.60
94,Rice dosa / idly,2,"[{""name"": ""rice"", ""quantity"": 100.0, ""serving_unit"": ""g""}, {""name"": ""urad dhal"", ""quantity"": 25.0, ""serving_unit"": ""g""}]","Soak idly rice and urad dhal overnight. 
Grind next morning. 
Allow it to ferment whole day. ",breakfast,t,8.99,42.92,0.69,4.98,215.25,2.10,77.00,48.50,280.75,10.50,0.00
95,Avarakkai (flat beans) poriyal ,2,"[{""name"": ""asafoetida"", ""quantity"": 0.1, ""serving_unit"": ""g""}, {""name"": ""black pepper"", ""quantity"": 2.0, ""serving_unit"": ""g""}, {""name"": ""cumin seeds"", ""quantity"": 5.0, ""serving_unit"": ""g""}, {""name"": ""curry leaves"", ""quantity"": 0.5, ""serving_unit"": ""g""}, {""name"": ""Flat beans"", ""quantity"": 250.0, ""serving_unit"": ""g""}, {""name"": ""onion"", ""quantity"": 100.0, ""serving_unit"": ""g""}, {""name"": ""salt"", ""quantity"": 0.1, ""serving_unit"": ""g""}, {""name"": ""sunflower oil"", ""quantity"": 10.0, ""serving_unit"": ""g""}]","Heat oil, add mustard seeds, urad dal, dry red chilli, curry leaves. Add chopped onion and fry till soft.Add avarakkai, turmeric, salt, 2–3 tbsp water; cover and cook till tender.
Garnish with grated Coconut (optional)
",sides,t,6.81,30.85,11.79,10.77,232.16,6.28,122.71,171.35,787.23,66.71,38.31
96,Nuts laddu,2,"[{""name"": ""almonds"", ""quantity"": 7.0, ""serving_unit"": ""g""}, {""name"": ""brazil nuts"", ""quantity"": 3.0, ""serving_unit"": ""g""}, {""name"": ""cashew nuts"", ""quantity"": 3.0, ""serving_unit"": ""g""}, {""name"": ""dates"", ""quantity"": 2.0, ""serving_unit"": ""g""}, {""name"": ""green pumpkin seeds"", ""quantity"": 3.0, ""serving_unit"": ""g""}, {""name"": ""hazelnuts"", ""quantity"": 3.0, ""serving_unit"": ""g""}, {""name"": ""pine nuts"", ""quantity"": 3.0, ""serving_unit"": ""g""}, {""name"": ""pistachios"", ""quantity"": 2.0, ""serving_unit"": ""g""}, {""name"": ""raisins"", ""quantity"": 4.0, ""serving_unit"": ""g""}, {""name"": ""sesame seeds"", ""quantity"": 3.0, ""serving_unit"": ""g""}, {""name"": ""walnuts"", ""quantity"": 8.0, ""serving_unit"": ""g""}, {""name"": ""white pumpkin seeds"", ""quantity"": 4.0, ""serving_unit"": ""g""}]","Dry roast all ingredients except raisins and dates in a pan or oven at 60C for 1 hour.
once cooled, coarse blend them all along with raisins and dates. Make round laddu like portions each 25-30g",snack,t,7.74,11.44,21.77,3.40,253.26,2.30,120.27,73.41,299.16,7.71,0.58
97,Lentil masala,2,"[{""name"": ""lentils"", ""quantity"": 100.0, ""serving_unit"": ""g""}, {""name"": ""onion"", ""quantity"": 100.0, ""serving_unit"": ""g""}, {""name"": ""tomato"", ""quantity"": 70.0, ""serving_unit"": ""g""}, {""name"": ""spices"", ""quantity"": 10.0, ""serving_unit"": ""g""}, {""name"": ""ginger garlic paste"", ""quantity"": 10.0, ""serving_unit"": ""g""}, {""name"": ""turmeric powder"", ""quantity"": 2.0, ""serving_unit"": ""g""}, {""name"": ""sunflower oil"", ""quantity"": 10.0, ""serving_unit"": ""g""}]","Saute onion, tomato with spices. Add lentils and pressure cook for 5 whistles",sides,t,12.36,40.19,13.16,13.94,313.28,5.95,70.06,80.66,835.42,19.04,20.01
98,Mushroom gravy ,2,"[{""name"": ""ginger garlic paste"", ""quantity"": 10.0, ""serving_unit"": ""g""}, {""name"": ""mushrooms"", ""quantity"": 200.0, ""serving_unit"": ""g""}, {""name"": ""onion"", ""quantity"": 100.0, ""serving_unit"": ""g""}, {""name"": ""spices"", ""quantity"": 20.0, ""serving_unit"": ""g""}, {""name"": ""tomato"", ""quantity"": 60.0, ""serving_unit"": ""g""}]","Saute onion, tomato. Add ginger garlic paste. Once cooked well, add mushroom. ",sides,t,10.28,29.12,4.58,10.34,175.28,3.50,57.00,83.00,1119.20,31.00,21.82
99,Green peas gravy,2,"[{""name"": ""Dry green peas"", ""quantity"": 150.0, ""serving_unit"": ""g""}, {""name"": ""chilli powder"", ""quantity"": 4.0, ""serving_unit"": ""g""}, {""name"": ""corriander powder"", ""quantity"": 4.0, ""serving_unit"": ""g""}, {""name"": ""ginger garlic paste"", ""quantity"": 15.0, ""serving_unit"": ""g""}, {""name"": ""green chillies"", ""quantity"": 2.0, ""serving_unit"": ""nos""}, {""name"": ""jeera powder"", ""quantity"": 2.0, ""serving_unit"": ""g""}, {""name"": ""onion"", ""quantity"": 100.0, ""serving_unit"": ""g""}, {""name"": ""tomato"", ""quantity"": 100.0, ""serving_unit"": ""g""}, {""name"": ""sunflower oil"", ""quantity"": 10.0, ""serving_unit"": ""g""}, {""name"": ""salt"", ""quantity"": 1.0, ""serving_unit"": ""g""}]","Pressure cook pre soak dry green peas for 3 whistle.
In a pan saute the other ingredients and make a thick gravy. Finally the cooked peas and garnish with chopped corriander",lunch,t,40.98,112.89,15.68,44.87,716.79,10.04,158.56,149.92,1973.24,458.60,97.32
100,Buttermilk,2,"[{""name"": ""greek yogurt"", ""quantity"": 60.0, ""serving_unit"": ""g""}, {""name"": ""asafoetida"", ""quantity"": 0.5, ""serving_unit"": ""g""}, {""name"": ""black salt"", ""quantity"": 0.5, ""serving_unit"": ""g""}, {""name"": ""water"", ""quantity"": 1.5, ""serving_unit"": ""cup""}]","Grind yoghurt, water, salt and asafoetida in mixer. ",pre_breakfast,t,3.65,2.77,6.01,0.03,78.54,0.11,6.73,66.48,84.83,211.00,0.00
102,Kootu Rice,2,"[{""name"": ""rice"", ""quantity"": 120.0, ""serving_unit"": ""g""}, {""name"": ""toor dhal"", ""quantity"": 50.0, ""serving_unit"": ""g""}, {""name"": ""green beans"", ""quantity"": 50.0, ""serving_unit"": ""g""}, {""name"": ""carrot"", ""quantity"": 1.0, ""serving_unit"": ""nos""}, {""name"": ""coconut"", ""quantity"": 15.0, ""serving_unit"": ""g""}, {""name"": ""cumin seeds"", ""quantity"": 3.0, ""serving_unit"": ""g""}, {""name"": ""turmeric powder"", ""quantity"": 2.0, ""serving_unit"": ""g""}, {""name"": ""salt"", ""quantity"": 1.0, ""serving_unit"": ""g""}, {""name"": ""water"", ""quantity"": 2.0, ""serving_unit"": ""cup""}]",Cook,lunch,t,17.50,80.92,7.21,13.80,444.59,6.80,150.51,139.43,1229.93,460.86,11.24
103,Lentil & Vegetable oats kichdi,2,"[{""name"": ""oats"", ""quantity"": 60.0, ""serving_unit"": ""g""}, {""name"": ""lentils"", ""quantity"": 60.0, ""serving_unit"": ""g""}, {""name"": ""carrot"", ""quantity"": 1.0, ""serving_unit"": ""nos""}, {""name"": ""green beans"", ""quantity"": 75.0, ""serving_unit"": ""g""}, {""name"": ""onion"", ""quantity"": 75.0, ""serving_unit"": ""g""}, {""name"": ""spinach"", ""quantity"": 50.0, ""serving_unit"": ""g""}, {""name"": ""cumin seeds"", ""quantity"": 3.0, ""serving_unit"": ""g""}, {""name"": ""turmeric powder"", ""quantity"": 2.0, ""serving_unit"": ""g""}]","Soak a choice of lentil overnight. Boil or pressure cook next day. 
Saute vegetables, greens and lentils along with oats. ",breakfast,t,20.60,75.89,5.73,18.74,410.24,10.44,234.34,194.89,1358.50,106.98,34.30
104,Besan flour chila,2,"[{""name"": ""besan flour"", ""quantity"": 120.0, ""serving_unit"": ""g""}, {""name"": ""capsicum"", ""quantity"": 40.0, ""serving_unit"": ""g""}, {""name"": ""carrot"", ""quantity"": 1.0, ""serving_unit"": ""nos""}, {""name"": ""green chillies"", ""quantity"": 2.0, ""serving_unit"": ""nos""}, {""name"": ""onion"", ""quantity"": 40.0, ""serving_unit"": ""g""}, {""name"": ""salt"", ""quantity"": 1.0, ""serving_unit"": ""g""}, {""name"": ""spinach"", ""quantity"": 20.0, ""serving_unit"": ""g""}]","Grate all vegetables and mix it with besan flour. Add water gradually and make it a batter. 
Heat pan and make small pan cakes. Serve with chutney. ",breakfast,t,28.67,91.90,6.40,17.30,506.80,6.97,238.02,129.44,1568.48,535.98,117.14
105,Lentil spinach gravy,2,"[{""name"": ""lentils"", ""quantity"": 100.0, ""serving_unit"": ""g""}, {""name"": ""onion"", ""quantity"": 50.0, ""serving_unit"": ""g""}, {""name"": ""tomato"", ""quantity"": 100.0, ""serving_unit"": ""g""}, {""name"": ""spices"", ""quantity"": 10.0, ""serving_unit"": ""g""}, {""name"": ""spinach"", ""quantity"": 100.0, ""serving_unit"": ""g""}, {""name"": ""butter"", ""quantity"": 5.0, ""serving_unit"": ""g""}, {""name"": ""salt"", ""quantity"": 1.0, ""serving_unit"": ""g""}]","Saute onion, add spices and spinach. Cook choice lentils separately and bring it to thick consistency. Garnish with coriander. And a half teaspoon of ghee. ",lunch,t,14.40,36.59,6.28,15.02,244.89,7.41,142.12,160.94,1318.28,512.73,47.50
193,2 boiled eggs,2,"[{""name"": ""egg"", ""quantity"": 2.0, ""serving_unit"": ""nos""}]",Boil 2 eggs each,breakfast,t,12.60,0.80,9.60,0.00,144.00,0.90,6.20,25.20,126.00,124.00,0.00
194,Mushroom rice,2,"[{""name"": ""mushrooms"", ""quantity"": 200.0, ""serving_unit"": ""g""}, {""name"": ""rice"", ""quantity"": 150.0, ""serving_unit"": ""g""}, {""name"": ""onion"", ""quantity"": 50.0, ""serving_unit"": ""g""}, {""name"": ""garlic"", ""quantity"": 2.0, ""serving_unit"": ""nos""}, {""name"": ""olive oil"", ""quantity"": 1.0, ""serving_unit"": ""tbsp""}, {""name"": ""salt"", ""quantity"": 1.0, ""serving_unit"": ""g""}]",Cook,lunch,t,11.15,55.45,14.69,3.57,387.00,1.51,42.52,43.54,785.58,402.08,9.78
195,Protein Noodles,2,"[{""name"": ""Protein Noodles"", ""quantity"": 160.0, ""serving_unit"": ""g""}, {""name"": ""Vegetables"", ""quantity"": 120.0, ""serving_unit"": ""g""}, {""name"": ""egg"", ""quantity"": 2.0, ""serving_unit"": ""nos""}, {""name"": ""beans"", ""quantity"": 40.0, ""serving_unit"": ""g""}, {""name"": ""soy sauce"", ""quantity"": 10.0, ""serving_unit"": ""g""}]",Prepare and combine all ingredients as desired.,lunch,t,31.57,51.93,11.74,7.24,442.50,5.71,85.00,139.30,751.60,743.70,40.88
196,Chicken Wrap,2,"[{""name"": ""Protein chapati"", ""quantity"": 2.0, ""serving_unit"": ""nos""}, {""name"": ""chicken breast"", ""quantity"": 200.0, ""serving_unit"": ""g""}, {""name"": ""lettuce"", ""quantity"": 30.0, ""serving_unit"": ""g""}, {""name"": ""greek yogurt"", ""quantity"": 60.0, ""serving_unit"": ""g""}, {""name"": ""lime"", ""quantity"": 1.0, ""serving_unit"": ""nos""}, {""name"": ""red onion"", ""quantity"": 30.0, ""serving_unit"": ""g""}, {""name"": ""pickle"", ""quantity"": 2.0, ""serving_unit"": ""nos""}, {""name"": ""Yellow Bell Pepper"", ""quantity"": 1.0, ""serving_unit"": ""nos""}]",Prepare and combine all ingredients as desired.,dinner,f,76.27,42.32,18.28,4.97,663.81,4.26,120.10,139.16,988.18,489.43,5.21
197,Halloumi Chicken Wrap,2,"[{""name"": ""Protein chapati"", ""quantity"": 2.0, ""serving_unit"": ""nos""}, {""name"": ""chicken breast"", ""quantity"": 200.0, ""serving_unit"": ""g""}, {""name"": ""halloumi"", ""quantity"": 60.0, ""serving_unit"": ""g""}, {""name"": ""lettuce"", ""quantity"": 30.0, ""serving_unit"": ""g""}, {""name"": ""greek yogurt"", ""quantity"": 60.0, ""serving_unit"": ""g""}, {""name"": ""lime"", ""quantity"": 2.0, ""serving_unit"": ""tbsp""}, {""name"": ""cucumber"", ""quantity"": 100.0, ""serving_unit"": ""g""}, {""name"": ""tomato"", ""quantity"": 2.0, ""serving_unit"": ""nos""}, {""name"": ""Apple cider vinegar"", ""quantity"": 2.0, ""serving_unit"": ""tbsp""}]",Prepare and combine all ingredients as desired.,dinner,f,89.79,44.57,33.36,4.97,867.96,4.78,143.70,589.66,1192.68,1789.74,4.50
198,Chicken Caesar Salad,2,"[{""name"": ""chicken breast"", ""quantity"": 240.0, ""serving_unit"": ""g""}, {""name"": ""Parmesan cheese"", ""quantity"": 20.0, ""serving_unit"": ""g""}, {""name"": ""lettuce"", ""quantity"": 200.0, ""serving_unit"": ""g""}, {""name"": ""salad leaves"", ""quantity"": 30.0, ""serving_unit"": ""g""}, {""name"": ""lemon olive oil dressing"", ""quantity"": 30.0, ""serving_unit"": ""ml""}]",Prepare and combine all ingredients as desired.,dinner,f,83.81,8.53,33.35,2.99,678.20,3.57,93.60,315.70,971.20,596.40,7.04
199,Salmon Pasta,2,"[{""name"": ""pasta"", ""quantity"": 160.0, ""serving_unit"": ""g""}, {""name"": ""Smoked Salmon"", ""quantity"": 150.0, ""serving_unit"": ""g""}, {""name"": ""cherry tomatoes"", ""quantity"": 8.0, ""serving_unit"": ""nos""}, {""name"": ""Cheese"", ""quantity"": 30.0, ""serving_unit"": ""g""}, {""name"": ""cucumber"", ""quantity"": 100.0, ""serving_unit"": ""g""}, {""name"": ""asparagus"", ""quantity"": 60.0, ""serving_unit"": ""g""}, {""name"": ""olive oil"", ""quantity"": 1.0, ""serving_unit"": ""tbsp""}]",Prepare and combine all ingredients as desired.,lunch,f,57.91,126.26,32.57,6.80,1038.64,7.50,150.06,297.20,1079.96,1390.70,13.26
200,English Breakfast,2,"[{""name"": ""Jason's Protein Bread"", ""quantity"": 2.0, ""serving_unit"": ""nos""}, {""name"": ""egg"", ""quantity"": 2.0, ""serving_unit"": ""nos""}, {""name"": ""tomato"", ""quantity"": 2.0, ""serving_unit"": ""nos""}, {""name"": ""salad leaves"", ""quantity"": 30.0, ""serving_unit"": ""g""}, {""name"": ""baked beans"", ""quantity"": 150.0, ""serving_unit"": ""g""}, {""name"": ""mushrooms"", ""quantity"": 100.0, ""serving_unit"": ""g""}]",Prepare and combine all ingredients as desired.,breakfast,t,39.24,46.65,15.59,13.56,471.86,5.18,113.54,171.80,1107.04,1065.10,3.66
201,SweetPotato-Egg Omelette,2,"[{""name"": ""egg"", ""quantity"": 4.0, ""serving_unit"": ""nos""}, {""name"": ""spinach"", ""quantity"": 40.0, ""serving_unit"": ""g""}, {""name"": ""sweet potatoes"", ""quantity"": 100.0, ""serving_unit"": ""g""}, {""name"": ""capsicum"", ""quantity"": 1.0, ""serving_unit"": ""nos""}, {""name"": ""parsley"", ""quantity"": 20.0, ""serving_unit"": ""g""}, {""name"": ""tomato"", ""quantity"": 1.0, ""serving_unit"": ""nos""}, {""name"": ""mushrooms"", ""quantity"": 20.0, ""serving_unit"": ""g""}]",Prepare and combine all ingredients as desired.,breakfast,t,29.17,25.76,19.74,5.07,399.18,4.82,81.02,152.40,1119.72,327.88,58.80
202,Avocado Toast,2,"[{""name"": ""Jason's Protein Bread"", ""quantity"": 2.0, ""serving_unit"": ""nos""}, {""name"": ""avocado"", ""quantity"": 1.0, ""serving_unit"": ""nos""}, {""name"": ""onion"", ""quantity"": 0.5, ""serving_unit"": ""nos""}, {""name"": ""cherry tomatoes"", ""quantity"": 8.0, ""serving_unit"": ""nos""}]",Prepare and combine all ingredients as desired.,breakfast,t,16.10,10.44,5.16,6.17,163.24,1.43,31.30,61.04,182.54,300.49,1.23
